转炉终点C,转炉终点Mn,转炉终点P,钢水净重,连铸正样C,连铸正样Ceq_val,低铝硅铁,石油焦增碳剂,加入C含量,C收得率
0.00065,0.0011,0.00014,74400.0,0.0023,0.466,0,85,134.299,0.914079777213531
0.00077,0.0011,0.00021,74200.0,0.0023,0.474,0,68,130.89000000000001,0.8673389869355947
0.00035,0.0011,0.0002,78250.0,0.0023,0.463,0,90,150.65,1.0128609359442415
0.00048,0.0012,0.0003,73600.0,0.0022,0.454,0,85,145.85,0.8679602331162154
0.00036,0.0009,0.00025,72400.0,0.0024,0.478,0,90,150.65,0.980391636242947
0.00022,0.0007,0.00014,70350.0,0.0023,0.465,0,90,150.65,0.9713109857285096
0.0007,0.0012,0.00013,77800.0,0.0023,0.458,0,58,120.78,1.0306342109620796
0.00063,0.0014,0.00031,73050.0,0.0024,0.478,0,80,141.05,0.916685572492024
0.00106,0.0009,0.00012,74300.0,0.0022,0.46,0,58,122.14000000000001,0.6934828884886196
0.00043,0.0011,0.00021,74850.0,0.0024,0.474,0,85,147.54999999999998,0.9993527617756693
0.0005,0.0016,0.0003,81350.0,0.0023,0.47,0,85,150.26999999999998,0.9744459972050311
0.00042,0.0013,0.00027,73850.0,0.0023,0.468,0,85,151.63,0.915636747345512
0.00072,0.0015,0.00033,74200.0,0.0023,0.467,0,68,91.28999999999999,1.2842151385693943
0.00065,0.0015,0.00029,67400.0,0.0022,0.448,0,75,137.61,0.759174478598939
0.00046,0.001,0.00041,70000.0,0.0022,0.452,0,85,147.04,0.8283460282916214
0.00041,0.0011,0.00028,70000.0,0.0023,0.462,0,93,156.08,0.8476422347514095
0.0004,0.0013,0.00026,70100.0,0.0024,0.481,0,90,151.5,0.9254125412541252
0.00054,0.0012,0.00033,67400.0,0.0023,0.462,0,102,165.57000000000002,0.7164582955849489
0.00067,0.0011,0.00019,64700.0,0.0024,0.469,0,75,136.59,0.8194670180833149
0.00067,0.0012,0.00021,69800.0,0.0023,0.462,0,75,139.31,0.8166965759816237
0.00067,0.0014,0.00035,63300.0,0.0023,0.46,0,75,136.76000000000002,0.7544530564492541
0.00067,0.0011,0.00028,70100.0,0.0022,0.449,0,70,132.98000000000002,0.8065348172657543
0.00068,0.0014,0.00032,67500.0,0.0022,0.452,0,68,130.89000000000001,0.7838643135457254
0.00034,0.001,0.00022,70000.0,0.0024,0.47,0,93,154.38,0.9340588159087965
0.00097,0.0015,0.00029,68400.0,0.0024,0.476,0,51,112.87,0.8665898821653227
0.00067,0.0011,0.00027,62900.0,0.0023,0.46,0,68,130.55,0.7853466104940635
0.00138,0.0011,0.00021,63500.0,0.0024,0.474,0,34,102.25384616000001,0.6334236063712676
0.00065,0.0008,0.00015,66400.0,0.0024,0.47,0,75,136.25,0.8528440366972476
0.00071,0.0009,0.00024,71500.0,0.0024,0.476,0,68,131.23000000000002,0.9207879295892705
0.00085,0.0013,0.00022,72800.0,0.0023,0.468,0,51,119.47484616000001,0.8835332573572403
0.00066,0.0009,0.00024,70000.0,0.0023,0.462,0,68,131.145,0.8753669602348545
0.00034,0.0007,0.00028,70600.0,0.0024,0.478,0,85,146.83599999999998,0.9904655534065215
0.0007,0.0011,0.00032,74400.0,0.0023,0.459,0,68,130.312,0.9134999079133156
0.00072,0.0011,0.00017,70000.0,0.0024,0.468,0,68,104.88,1.1212814645308924
0.0003,0.0005,0.00016,71750.0,0.0023,0.469,0,85,145.85,0.9838875557079191
0.00066,0.0011,0.00021,74750.0,0.0024,0.465,0,68,129.53,1.0041303173010114
0.00073,0.0013,0.00032,71700.0,0.0024,0.477,0,68,130.04,0.9207859120270686
0.00054,0.0014,0.00033,76100.0,0.0023,0.465,0,80,142.41,0.9404957517028297
0.00049,0.0014,0.00027,72250.0,0.0023,0.454,0,85,147.38,0.8873151038132719
0.00019,0.0005,0.00015,73000.0,0.0024,0.465,0,85,147.72,1.0921337665854318
0.00041,0.0009,0.00019,73000.0,0.0023,0.467,0,85,147.04,0.9383161044613711
0.00033,0.0009,0.00016,72600.0,0.0022,0.451,0,85,146.01999999999998,0.9297493494041913
0.00101,0.001,0.00012,70500.0,0.0023,0.465,0,51,117.72384616000001,0.7725282766959165
0.00072,0.0006,0.0001,70450.0,0.0024,0.466,0,68,129.36,0.9149350649350647
0.00076,0.0007,0.00012,71150.0,0.0023,0.453,0,68,129.7,0.8448033924441019
0.00069,0.0007,0.00016,69950.0,0.0023,0.463,0,68,130.38,0.8637789538272741
0.00073,0.001,0.00019,70300.0,0.0023,0.463,0,51,112.36000000000001,0.9822979708081166
0.00072,0.001,0.0002,69250.0,0.0024,0.478,0,68,129.02,0.9017206634630287
0.00108,0.0013,0.00033,75200.0,0.0024,0.473,0,51,117.38384616,0.8456359477665967
0.00077,0.0007,0.00016,72300.0,0.0024,0.476,0,51,113.38,1.0394161227729757
0.0008,0.0006,0.00013,70400.0,0.0023,0.466,0,51,113.38,0.9313811959781267
0.00077,0.0008,0.00023,70450.0,0.0023,0.461,0,54,116.25999999999999,0.9271331498365734
0.00086,0.0009,0.00021,75200.0,0.0024,0.471,0,51,114.06,1.015325267403121
0.00093,0.0006,0.00016,71700.0,0.0024,0.466,0,68,130.04000000000002,0.810512150107659
0.00077,0.0011,0.00027,74050.0,0.0023,0.461,0,51,113.72,0.9962759409074922
0.00076,0.0008,0.00018,72000.0,0.0024,0.47,0,54,116.43,1.014171605256377
0.00042,0.0009,0.00019,72900.0,0.0023,0.465,0,95,143.61,0.9543346563609775
0.0008,0.0012,0.00026,73150.0,0.0024,0.478,0,75,123.9,0.9446327683615818
0.00059,0.0011,0.00025,74000.0,0.0023,0.474,0,90,139.49,0.9071618037135277
0.00052,0.0009,0.00018,75650.0,0.0024,0.475,0,93,141.86,1.0025518116452838
0.00119,0.0014,0.00021,68300.0,0.0023,0.462,0,40,94.81384616,0.799598403297175
0.00104,0.0014,0.00021,72800.0,0.0022,0.453,0,51,104.86384616,0.8053109159390385
0.00069,0.0014,0.00026,72000.0,0.0023,0.467,0,80,128.02,0.9054835182002811
0.00071,0.0013,0.00027,72150.0,0.0022,0.455,0,80,128.70000000000002,0.8353030303030302
0.00074,0.0009,0.00013,71750.0,0.0023,0.471,0,80,128.36,0.8720006232471174
0.0006,0.0011,0.00021,71050.0,0.0023,0.467,0,85,133.5,0.9047565543071162
0.001,0.0016,0.0002,71500.0,0.0022,0.455,0,51,105.37384616000001,0.814243791288789
0.00088,0.0011,0.00013,69000.0,0.0022,0.47,0,60,113.67384616,0.801239714118599
0.00069,0.0008,0.00012,77900.0,0.0022,0.456,0,75,124.41,0.9454947351499077
0.00078,0.0014,0.00034,67050.0,0.0024,0.484,0,68,117.35000000000002,0.925615679590967
0.00053,0.0009,0.00018,74050.0,0.0023,0.458,0,102,150.16,0.8728589504528503
0.0014,0.001,0.00026,73100.0,0.0023,0.471,0,34,90.37984616,0.7279277714583796
0.00063,0.0011,0.00025,73850.0,0.0023,0.458,0,85,133.5,0.9238164794007492
0.00097,0.0007,0.00017,75150.0,0.0023,0.46,0,51,106.56384616000001,0.9379306735037611
0.00071,0.0012,0.00018,75900.0,0.0023,0.46,0,85,134.945,0.8942976768313016
0.00061,0.0011,0.00029,74000.0,0.0024,0.474,0,85,133.755,0.9903181189488245
0.00067,0.001,0.00013,70450.0,0.0023,0.457,0,51,99.56799999999998,1.1533173308693558
0.00082,0.0006,0.00014,75500.0,0.0023,0.46,0,68,121.91484616000001,0.9165413689925291
0.00092,0.0012,0.00027,75500.0,0.0024,0.475,0,51,105.71384616000002,1.0570043949671386
0.00069,0.001,0.00016,77700.0,0.0023,0.454,0,68,117.69,1.062936528167219
0.0004,0.0008,0.00011,73600.0,0.0024,0.468,0,85,133.94199999999998,1.0989831419569662
0.00042,0.0008,0.00016,74250.0,0.0023,0.457,0,68,118.064,1.1823248407643314
0.00035,0.0009,0.00026,73200.0,0.0024,0.473,0,102,150.568,0.9966261091334145
0.00061,0.0009,0.00016,74700.0,0.0024,0.474,0,68,129.70000000000002,1.0309406322282189
0.00101,0.0006,0.00011,70800.0,0.0023,0.458,0,51,114.4,0.7983566433566432
0.00076,0.0009,0.00015,68500.0,0.0023,0.46,0,68,128.68,0.8197855144544606
0.00075,0.0011,0.00022,72900.0,0.0022,0.451,0,68,130.21,0.811804008908686
0.00078,0.0013,0.00033,74000.0,0.0022,0.453,0,51,113.89000000000001,0.9226446571252963
0.00094,0.0012,0.00028,72500.0,0.0024,0.471,0,51,118.06384616000001,0.896548803403814
0.00077,0.0012,0.00032,72850.0,0.0024,0.47,0,68,130.21,0.9119537669917824
0.0008,0.0011,0.00017,74200.0,0.0024,0.475,0,51,114.06,1.0408556899877257
0.00076,0.0013,0.00021,73800.0,0.0022,0.451,0,68,130.04000000000002,0.8172254690864349
0.0007,0.0007,0.00012,75400.0,0.0023,0.453,0,68,130.72,0.9228886168910648
0.00076,0.0011,0.00021,70300.0,0.0021,0.455,0,68,130.72,0.7206395348837208
0.00076,0.0013,0.00032,64200.0,0.0022,0.465,0,68,132.08,0.699939430648092
0.00078,0.001,0.00021,71750.0,0.0023,0.47,0,68,131.06,0.8321379520830154
0.00038,0.0011,0.00023,71450.0,0.0023,0.469,0,85,149.0205,0.920571330790059
0.00063,0.001,0.00018,72050.0,0.0022,0.448,0,75,136.42000000000002,0.8291929335874505
0.00063,0.0011,0.00036,71500.0,0.0023,0.459,0,75,135.74,0.8796596434359805
0.0006,0.0008,0.00023,73400.0,0.0023,0.47,0,75,137.61,0.9067654966935542
0.00051,0.0007,0.00014,68100.0,0.0024,0.466,0,85,147.21,0.8743223965763193
0.00065,0.0011,0.0003,74850.0,0.0022,0.455,0,75,137.27,0.8451773876302179
0.0007,0.001,0.00035,74550.0,0.0023,0.466,0,68,131.06,0.9101175034335418
0.0,0.0,0.0,71000.0,0.0023,0.455,0,68,130.04,1.2557674561673333
0.00075,0.0012,0.00035,63500.0,0.0022,0.455,0,68,130.38,0.7062049394078846
0.0006,0.0009,0.00018,73350.0,0.0023,0.457,0,95,156.3,0.7977927063339731
0.00059,0.001,0.00014,74800.0,0.0023,0.458,0,0,65.1,1.9647926267281108
0.00053,0.0009,0.00013,75800.0,0.0023,0.46,0,80,141.9,0.9454968287526426
0.00046,0.0008,0.00013,73500.0,0.0022,0.448,0,90,151.5,0.8441584158415842
0.0004,0.0008,0.00016,77200.0,0.0023,0.457,0,90,151.5,0.9681848184818482
0.00034,0.0008,0.00022,71900.0,0.0023,0.457,0,92,153.42,0.9185503845652458
0.0004,0.0011,0.00037,72200.0,0.0023,0.458,0,93,154.38,0.888586604482446
0.00077,0.0011,0.00015,72050.0,0.0024,0.467,0,68,116.5,1.0080815450643776
0.00073,0.0012,0.00024,75100.0,0.0023,0.459,0,68,117.231,1.005766392848308
0.00063,0.0013,0.00025,74350.0,0.0024,0.484,0,68,132.199,0.9954651699332066
0.001,0.0014,0.0002,74250.0,0.0024,0.475,0,34,98.4115,1.0562789917844966
0.00086,0.0016,0.00029,75800.0,0.0023,0.455,0,68,122.33984616,0.8922031817601559
0.00091,0.0012,0.0003,78800.0,0.0024,0.465,0,51,119.37284616000001,0.9835737672085674
0.00083,0.0012,0.00026,68150.0,0.0024,0.467,0,51,115.98984616,0.9224557454141896
0.00065,0.0009,0.00017,75300.0,0.0023,0.471,0,85,147.54999999999998,0.842053541172484
0.00074,0.0012,0.00024,74300.0,0.0022,0.46,0,68,116.67000000000002,0.9297848632896203
0.00099,0.0011,0.0002,76150.0,0.0024,0.469,0,51,105.90084616,1.013887082996278
0.00033,0.0008,0.00017,73500.0,0.0024,0.473,0,68,117.435,1.2955677608890022
0.00039,0.0009,0.00025,75200.0,0.0023,0.467,0,85,135.2,1.0623668639053256
0.00033,0.0009,0.0003,75950.0,0.0022,0.456,0,102,150.483,0.9438042835403334
0.00022,0.0007,0.0003,70050.0,0.0022,0.447,0,102,148.817,0.9320104557947009
0.00051,0.001,0.00033,75600.0,0.0023,0.463,0,102,190.305,0.711090092220383
0.00047,0.001,0.00022,73900.0,0.0023,0.46,0,80,141.05,0.9587876639489542
0.0004,0.0012,0.00029,73800.0,0.0023,0.456,0,70,132.3,1.0598639455782313
0.00056,0.0012,0.00023,66300.0,0.0023,0.486,0,58,119.93,0.9619111148169764
0.00041,0.001,0.0003,72800.0,0.0023,0.458,0,78,139.13,0.9889455904549701
0.001,0.0012,0.00014,70000.0,0.0023,0.46,0,40,107.16384616,0.8491669836498149
0.00045,0.001,0.00028,71200.0,0.0023,0.46,0,78,139.64,0.9432827270123175
0.0005,0.001,0.00033,66600.0,0.0024,0.467,0,78,139.13,0.9095090922159131
0.00085,0.0011,0.00023,74200.0,0.0023,0.467,0,51,115.25,0.9335357917570498
0.00062,0.0009,0.00022,73100.0,0.0022,0.454,0,85,148.06,0.7800756450087803
0.00071,0.0011,0.00016,73900.0,0.0024,0.479,0,68,131.74,0.9480112342492787
0.00065,0.0011,0.00029,72650.0,0.0023,0.464,0,68,131.06,0.9146383335876698
0.00078,0.0011,0.00031,64700.0,0.0024,0.471,0,68,129.7,0.8081264456437934
0.00097,0.0016,0.00014,74600.0,0.0024,0.461,0,51,114.4,0.9324999999999998
0.0,0.0,0.0,72600.0,0.0023,0.462,0,68,91.46000000000001,1.8257161600699756
0.00058,0.0011,0.00023,71500.0,0.0023,0.457,0,85,145.34,0.8461538461538461
0.00047,0.0011,0.00026,79850.0,0.0024,0.47,0,102,163.547,0.9423009899295004
0.00082,0.0013,0.00031,67450.0,0.0022,0.452,0,51,112.53,0.8271660890429219
0.00066,0.0012,0.00027,75150.0,0.0023,0.463,0,68,130.72,0.9428243574051407
0.00071,0.0008,0.00018,76000.0,0.0024,0.482,0,68,131.74,0.9749506603916803
0.00074,0.0011,0.0002,73750.0,0.0023,0.465,0,68,129.87,0.8858858858858858
0.00073,0.0005,0.00016,71300.0,0.0023,0.466,0,68,130.04,0.860819747769917
0.00068,0.001,0.00029,74450.0,0.0023,0.462,0,68,129.36,0.932351576994434
0.00072,0.0011,0.00027,70500.0,0.0024,0.468,0,68,129.53,0.9143827684706243
0.00068,0.0009,0.00028,71550.0,0.0023,0.46,0,68,129.02,0.8983955975817701
0.0007,0.001,0.0002,72150.0,0.0024,0.471,0,68,129.02,0.9506665633235154
0.00069,0.001,0.00013,68800.0,0.0023,0.46,0,68,128.68,0.8608019894311468
0.00067,0.0011,0.00017,72000.0,0.0024,0.48,0,68,128.68,0.9679825924774633
0.00076,0.0012,0.00019,73200.0,0.0024,0.471,0,68,129.36,0.9280148423005564
0.00066,0.001,0.00014,73200.0,0.0024,0.472,0,68,129.36,0.9846011131725415
0.00059,0.001,0.0002,71350.0,0.0023,0.465,0,95,155.28,0.7857322256568778
0.00042,0.0013,0.00038,71800.0,0.0024,0.491,0,92,155.12,0.916477565755544
0.00054,0.0009,0.00017,69350.0,0.0022,0.45,0,80,140.03,0.8221166892808683
0.00072,0.0012,0.00023,73550.0,0.0023,0.459,0,68,129.19,0.8995200866940165
0.0,0.0,0.0,75800.0,0.0019,0.429,0,85,108.28999999999999,1.3299473635608092
0.00071,0.001,0.00022,73000.0,0.0018,0.411,0,68,90.5505,0.8787361748416629
0.00048,0.0011,0.00033,72650.0,0.0024,0.49,0,85,146.7,0.950838445807771
0.00041,0.0012,0.00033,73750.0,0.0024,0.478,0,85,146.7,1.0004260395364688
0.00073,0.0012,0.00026,70950.0,0.0022,0.471,0,68,130.38,0.7999424758398528
0.00072,0.0013,0.00016,74300.0,0.0024,0.481,0,70,132.3,0.9434920634920632
0.00075,0.0013,0.00019,72900.0,0.0017,0.402,0,60,83.3805,0.8305898861244535
0.0007,0.0013,0.00026,75400.0,0.0017,0.41,0,68,91.57050000000001,0.823409285741587
0.00077,0.0012,0.00032,76250.0,0.0018,0.43,0,68,90.21050000000001,0.870602646033444
0.00051,0.0011,0.00033,70000.0,0.0022,0.458,0,75,136.25,0.868256880733945
0.00065,0.0013,0.00034,74600.0,0.0023,0.475,0,68,129.53,0.9502817880027793
0.00084,0.0014,0.00031,72600.0,0.0023,0.48,0,60,122.69999999999999,0.8638630806845966
0.00085,0.001,0.00021,72250.0,0.0023,0.465,0,58,120.78,0.8673828448418611
0.00065,0.0011,0.00031,72200.0,0.0016,0.403,0,51,73.797,0.9294415762158355
0.0007,0.0012,0.00017,72200.0,0.0016,0.4,0,51,73.797,0.8805235985202652
0.00061,0.0012,0.00028,73050.0,0.0022,0.458,0,68,129.53,0.8966996062688182
0.00067,0.0011,0.00028,75850.0,0.0024,0.471,0,68,131.06,1.0012246299404852
0.00035,0.0009,0.0002,74300.0,0.0024,0.471,0,85,147.04,1.0358745919477692
0.00037,0.001,0.00024,71850.0,0.0023,0.463,0,82,143.48,0.9664796487315305
0.00071,0.0011,0.00019,72100.0,0.0017,0.397,0,85,108.0775,0.6604427378501538
0.00066,0.0009,0.00021,71600.0,0.0018,0.42,0,85,107.9075,0.7564256423325533
0.00016,0.0007,0.0002,74000.0,0.0017,0.4,0,85,108.41749999999999,1.0511218207392719
0.0,0.0,0.0,70500.0,0.0024,0.475,0,80,142.41,1.188118811881188
0.00067,0.0011,0.00026,72400.0,0.0024,0.47,0,68,128.68,0.9733602735467826
0.00069,0.0009,0.00023,75050.0,0.0024,0.469,0,68,129.36,0.9920802411873837
0.0007,0.0008,0.0002,73200.0,0.0023,0.463,0,68,129.36,0.9053803339517623
0.00079,0.0008,0.00018,74800.0,0.0023,0.46,0,64,125.52000000000001,0.8998406628425749
0.00047,0.0008,0.00019,73700.0,0.0023,0.468,0,85,147.89,0.9119683548583408
,,,74650.0,0.0023,0.472,0,85,148.927,
0.00068,0.0008,0.00013,69000.0,0.0022,0.477,0,68,132.607,0.7909084739116337
0.00066,0.0009,0.00015,74500.0,0.0023,0.48,0,68,132.607,0.921369158490879
0.00077,0.0008,0.00014,69350.0,0.0025,0.51,0,58,121.21350000000001,0.989786616177241
0.00067,0.0008,0.00016,73800.0,0.0024,0.476,0,85,146.547,0.8712153780015967
0.00088,0.0009,0.00014,72550.0,0.0024,0.475,0,54,116.94,0.9430135112023257
0.00067,0.0012,0.00027,75250.0,0.0024,0.471,0,68,130.72,0.9958881578947366
0.00067,0.001,0.00023,77600.0,0.0024,0.48,0,68,132.08,1.01641429436705
0.0005,0.0014,0.00036,69050.0,0.0025,0.499,0,95,143.27,0.9639142877085223
0.00069,0.0013,0.00028,73450.0,0.0024,0.484,0,68,131.06,0.9583358766976955
0.0005,0.0011,0.00027,74050.0,0.0023,0.456,0,85,146.02,0.9128201616216955
0.0,0.0,0.0,62800.0,0.0024,0.481,0,80,142.41,1.058352643775016
0.00071,0.0008,0.00027,74550.0,0.0022,0.452,0,68,130.38,0.8519673262770363
0.00064,0.0011,0.0002,69200.0,0.0023,0.473,0,80,141.9,0.8095278365045807
0.0006,0.0011,0.00017,69950.0,0.0024,0.474,0,80,141.56,0.8894461712348121
0.00069,0.0016,0.0003,73200.0,0.0024,0.484,0,80,142.24,0.8800056242969627
0.00056,0.0012,0.00014,71550.0,0.0023,0.472,0,95,156.47,0.7956605100019173
0.00045,0.0013,0.00048,70800.0,0.0023,0.474,0,95,156.3,0.8380038387715931
0.00072,0.0011,0.00028,70900.0,0.0024,0.487,0,80,142.24,0.8374015748031494
0.00053,0.001,0.00022,73300.0,0.0023,0.464,0,85,147.21,0.8813327898919909
0.0007,0.0009,0.00024,74550.0,0.0023,0.458,0,75,124.41,0.9587653725584759
0.00072,0.0007,0.00022,67050.0,0.0023,0.462,0,68,115.31,0.9187321134333535
0.00066,0.0011,0.00022,70850.0,0.0023,0.463,0,68,117.26500000000001,0.9908668400631049
0.00094,0.0013,0.0002,71700.0,0.0023,0.463,0,51,104.52384615999999,0.9329163017091181
0.00063,0.0012,0.00033,75400.0,0.0024,0.473,0,51,105.42484616,1.2659065188243666
0.00066,0.0013,0.00026,72300.0,0.0024,0.477,0,85,132.106,0.9522807442508288
0.00069,0.0009,0.00026,76300.0,0.0024,0.472,0,85,133.466,0.9775748130610041
0.00061,0.0011,0.00028,78150.0,0.0022,0.465,0,68,118.53999999999999,1.0482411000506162
0.00084,0.0011,0.00022,78600.0,0.0023,0.474,0,51,102.237,1.1224507761377975
0.00074,0.0013,0.00022,74600.0,0.0023,0.463,0,68,118.33600000000001,0.9834369929691724
0.00078,0.0013,0.00028,72700.0,0.0023,0.474,0,68,117.40100000000001,0.9412526298753843
0.00079,0.0009,0.00026,76100.0,0.0022,0.459,0,68,118.523,0.9053179551648205
0.00068,0.0009,0.00027,72200.0,0.0023,0.478,0,85,134.35,0.870591737997767
0.00035,0.0008,0.00027,73450.0,0.0024,0.483,0,102,164.04,0.9179011216776396
0.00063,0.0009,0.0003,75900.0,0.0023,0.465,0,85,147.737,0.8579638140750117
0.00057,0.0008,0.00018,74600.0,0.0023,0.476,0,102,151.5285,0.8517077645459434
0.00096,0.0009,0.00014,73300.0,0.0024,0.48,0,51,113.39699999999999,0.930818275615757
0.00092,0.0011,0.00022,71600.0,0.0024,0.483,0,51,113.39699999999999,0.9344868030018431
0.0004,0.0007,0.00033,73500.0,0.0024,0.471,0,85,145.85,1.0078848131642097
0.00028,0.0007,0.00016,72500.0,0.0023,0.465,0,90,151.5,0.9666666666666668
0.00089,0.0009,0.00014,70250.0,0.0022,0.485,0,85,108.1155,0.8511961744615714
0.00069,0.0008,0.00015,73800.0,0.0022,0.49,0,102,125.379,0.88880913071567
0.00104,0.0009,0.00014,69400.0,0.0022,0.48,0,70,92.52550000000001,0.8700736553706817
0.00078,0.0008,0.00011,68200.0,0.0023,0.495,0,92,114.419,0.9060033735655791
0.00121,0.0011,0.00021,243250.0,0.0022,0.488,120,58,81.7835,2.944573171850068
0.00124,0.0011,0.00022,68800.0,0.0022,0.489,0,58,81.5155,0.810250811195417
0.00089,0.0011,0.0002,72750.0,0.0022,0.493,0,85,109.8215,0.8677945575319952
0.00066,0.0008,0.00011,72900.0,0.0024,0.511,0,105,129.625,0.9785612343297974
0.00127,0.0013,0.00031,69400.0,0.0021,0.475,0,56,80.2875,0.7174466760080958
0.00065,0.001,0.00023,70500.0,0.0022,0.487,0,102,125.397,0.8714323309170076
0.00081,0.0008,0.00019,71700.0,0.0023,0.489,0,85,108.9835,0.9802676551955112
0.00031,0.0006,0.00017,69100.0,0.0022,0.491,0,102,125.49050000000001,1.040708260784681
0.00075,0.0008,0.00014,74650.0,0.0022,0.474,0,85,109.077,0.9923494412204223
0.0007,0.0008,0.00015,72350.0,0.0022,0.485,0,85,109.077,0.994939354767733
0.0007,0.0007,0.00016,73050.0,0.0023,0.495,0,85,109.077,1.0715366209191672
0.0008,0.0009,0.00018,74000.0,0.0022,0.479,0,85,108.9835,0.9506026141571889
0.00069,0.0009,0.00012,69650.0,0.0022,0.473,0,102,123.017,0.854934683824187
0.00074,0.0008,0.00014,72800.0,0.0022,0.49,0,85,109.077,0.9744309066072592
0.00079,0.0007,0.00014,72050.0,0.0021,0.467,0,85,108.39699999999999,0.8707390425934297
0.00071,0.0009,0.00016,74000.0,0.0022,0.484,0,85,109.083,1.0107899489379648
0.00054,0.0008,0.00015,72950.0,0.0021,0.466,0,102,124.72300000000001,0.912437962524955
0.00074,0.001,0.00012,73100.0,0.0022,0.495,0,85,109.083,0.9783926001301763
0.00065,0.0012,0.00028,74850.0,0.0022,0.492,0,102,125.75500000000001,0.9225676911454813
0.00058,,,69950.0,0.0021,0.477,0,102,124.049,0.8571129150577592
0.00044,,,75750.0,0.0021,0.472,0,102,124.587,1.0092947097209177
0.00032,,,73650.0,0.0022,0.482,0,119,142.69119999999998,0.9703611715368574
0.00069,,,73300.0,0.0023,0.463,0,68,117.112,1.0076934899924859
0.0008,,,73900.0,0.0024,0.477,0,68,122.71384616000002,0.9635424501798533
0.00105,,,73800.0,0.0023,0.467,0,51,106.03684616,0.8699806090121079
0.00094,,,74450.0,0.0023,0.458,0,51,104.82984616,0.9658699665118349
0.00079,,,74000.0,0.0024,0.475,0,68,121.96584616,0.9768308403625311
0.00067,,,74150.0,0.0023,0.466,0,85,133.874,0.902822803531679
0.00089,,,74650.0,0.0023,0.459,0,51,104.76184615999999,1.004721698386687
0.00073,,,70800.0,0.0023,0.459,0,68,116.721,0.9523222042306012
0.00065,,,71150.0,0.0023,0.47,0,85,133.602,0.8787106480441909
0.00064,,,71800.0,0.0024,0.471,0,68,117.333,1.077003059667783
0.00075,,,72250.0,0.0023,0.464,0,68,118.88,0.9420213660834456
0.00069,,,75550.0,0.0024,0.475,0,85,133.84,0.9652607591153615
0.0009,,,71050.0,0.0024,0.472,0,51,105.23784615999999,1.0127060167876016
0.00094,,,71600.0,0.0023,0.467,0,51,114.06,0.8537261090654042
0.00058,,,73500.0,0.0023,0.467,0,90,151.5,0.8344554455445544
0.0004,,,71050.0,0.0023,0.461,0,85,145.85,0.9255742200891327
0.00071,,,73650.0,0.0023,0.467,0,51,113.21000000000001,1.0343918381768393
0.00072,,,72300.0,0.0023,0.463,0,58,120.44,0.9484722683493855
0.00065,,,72050.0,0.0024,0.47,0,68,130.38,0.9670770056757171
0.00039,,,71750.0,0.0023,0.461,0,85,147.54999999999998,0.9287868519146053
0.00056,,,74300.0,0.0024,0.467,0,70,131.96,1.0360109123976962
0.00052,,,74900.0,0.0024,0.479,0,90,153.37,0.9181195801004106
0.00067,,,74000.0,0.0024,0.472,0,68,132.42000000000002,0.9667723908775107
0.00103,,,76050.0,0.0024,0.475,0,34,102.42384616,1.0172289355082735
0.00033,,,75100.0,0.0023,0.458,0,85,148.06,0.9992367958935566
0.00082,,,75800.0,0.0022,0.461,0,51,119.08384616,0.8784062941623082
0.00048,,,72500.0,0.0024,0.476,0,78,140.66,0.989620361154557
0.0008,,,74450.0,0.0024,0.484,0,68,134.72384616,0.8841790328531102
0.00063,,,71100.0,0.0024,0.48,0,68,130.72,0.9627218482252141
0.00068,,,73650.0,0.0022,0.451,0,68,130.04,0.8608735773608122
0.00071,,,73750.0,0.0023,0.465,0,68,130.72,0.8970509485924112
0.00068,,,73550.0,0.0023,0.461,0,68,128.68,0.925948088281007
0.00058,,,68200.0,0.0024,0.477,0,68,130.72,0.9495410036719705
0.00071,,,71250.0,0.0024,0.47,0,68,130.72,0.9211482558139533
0.00067,,,73650.0,0.0022,0.453,0,68,130.72,0.86202952876377
0.00069,,,73550.0,0.0024,0.473,0,68,130.04,0.9671677945247615
0.00065,,,72400.0,0.0024,0.476,0,68,129.36,0.9794372294372292
0.00061,,,69850.0,0.0023,0.469,0,85,146.35999999999999,0.806548920470074
0.00045,,,74050.0,0.0023,0.464,0,85,147.54999999999998,0.9284479837343275
0.00045,,,73950.0,0.0022,0.458,0,0,66.97,1.9323951022846053
0.00045,,,72600.0,0.0023,0.47,0,85,148.4,0.9050539083557951
0.00048,,,74850.0,0.0023,0.456,0,85,146.35999999999999,0.9307666028969666
0.00054,,,74500.0,0.0024,0.469,0,85,146.7,0.9445807770961143
0.00054,,,73400.0,0.0023,0.461,0,85,147.04,0.8785636561479869
0.00054,,,73100.0,0.0023,0.46,0,85,146.7,0.8770006816632583
0.00068,,,71950.0,0.0024,0.475,0,68,133.78,0.9250560621916578
0.00049,,,73400.0,0.0023,0.461,0,80,141.9,0.9362508809020436
0.00068,,,72000.0,0.0024,0.474,0,68,130.72,0.9473684210526314
0.00065,,,63600.0,0.0024,0.475,0,85,146.7,0.7586912065439673
0.00051,,,73500.0,0.0024,0.47,0,85,147.04,0.9447429270946681
0.00058,,,74800.0,0.0023,0.469,0,80,142.24,0.9044994375703037
0.00065,,,68050.0,0.0023,0.467,0,68,130.38,0.8611942015646572
0.00058,,,64300.0,0.0024,0.471,0,75,137.1,0.8535813274981764
0.0003,,,73750.0,0.0023,0.465,0,102,163.36,0.9029138099902057
0.00047,,,74600.0,0.0024,0.483,0,90,152.35,0.94504758779127
0.00076,,,68650.0,0.0023,0.465,0,60,122.69999999999999,0.8616218418907905
0.00045,,,72900.0,0.0023,0.47,0,95,156.98000000000002,0.8591221811695757
0.00027,,,75500.0,0.0023,0.47,0,110,158.01000000000002,0.9699702550471488
0.00084,,,71100.0,0.0024,0.475,0,68,120.97984616000001,0.9168138621478304
0.00063,,,70600.0,0.0024,0.477,0,85,133.466,0.936283398018971
0.00038,,,74850.0,0.0023,0.464,0,102,174.895,0.8217044512421737
0.00062,,,70350.0,0.0024,0.464,0,85,133.32999999999998,0.9391959798994975
0.00036,,,72900.0,0.0023,0.461,0,85,134.911,1.0482910956111806
0.00099,,,73700.0,0.0024,0.469,0,51,104.89784616000001,0.990649510967995
0.00042,,,73000.0,0.0024,0.472,0,85,133.5,1.0826966292134832
0.0007,,,74600.0,0.0023,0.461,0,68,117.69,1.0141898207154387
0.00069,,,74000.0,0.0023,0.461,0,68,117.28200000000001,1.015842158216947
0.00081,,,74200.0,0.0024,0.471,0,68,122.13584616000001,0.9659572001936829
0.00067,,,74050.0,0.0023,0.458,0,85,133.32999999999998,0.9052838820970525
0.00033,,,74300.0,0.0024,0.469,0,68,121.52384615999999,1.265603458579672
0.00062,,,72300.0,0.0024,0.479,0,68,118.761,1.0836385682168388
0.00049,,,76550.0,0.0024,0.472,0,85,132.99,1.0994097300548913
0.00043,,,75400.0,0.0024,0.479,0,85,145.85,1.0184298937264313
0.00066,,,72550.0,0.0023,0.462,0,68,129.53,0.9185671273064155
0.00069,,,72650.0,0.0024,0.47,0,58,124.44384616,0.9982936387249957
0.00091,,,72700.0,0.0024,0.47,0,51,113.21000000000001,0.9568324352972349
0.001,,,71600.0,0.0024,0.482,0,51,114.25900000000001,0.8773050700601263
0.00035,,,74800.0,0.0024,0.477,0,90,150.9425,1.01588353180847
0.00044,,,74650.0,0.0023,0.469,0,85,107.3925,1.2929115161673301
0.00073,,,64200.0,0.0024,0.482,0,60,122.037,0.8785368371887213
0.00101,,,72300.0,0.0025,0.494,0,44,106.92349999999999,1.0075147184669415
0.00058,,,70250.0,0.0024,0.479,0,75,136.76,0.9348859315589354
0.00052,,,73150.0,0.0023,0.459,0,78,139.98,0.9301828832690384
0.00032,,,75200.0,0.0024,0.467,0,95,156.98000000000002,0.9964071856287424
0.00022,,,76250.0,0.0023,0.46,0,92,154.1,1.0292018170019468
0.00036,,,73450.0,0.0023,0.468,0,90,152.18,0.9363451176238664
0.00054,,,74550.0,0.0023,0.469,0,70,132.13,0.9930220237644743
0.00063,,,72350.0,0.0022,0.453,0,80,127.0,0.8944055118110238
0.00033,,,71050.0,0.0022,0.466,0,98,145.98,0.9101486505000687
0.00065,,,72950.0,0.0023,0.472,0,75,122.37,0.98363569502329
0.00065,,,69300.0,0.0023,0.469,0,93,140.84,0.8118787276341948
0.0007,,,71350.0,0.0023,0.471,0,75,122.88,0.9290364583333334
0.00061,,,67700.0,0.0022,0.465,0,93,142.20000000000002,0.7569831223628692
0.00067,,,76050.0,0.0023,0.461,0,85,134.85999999999999,0.9191865638439864
0.00053,,,77000.0,0.0023,0.471,0,85,133.32999999999998,1.0222005550138753
0.00061,,,70800.0,0.0023,0.472,0,75,137.44,0.8705762514551805
0.00065,,,73850.0,0.0023,0.475,0,75,137.1,0.888785557986871
0.00051,,,72300.0,0.0024,0.479,0,85,147.04,0.9293185527747552
0.0005,,,71900.0,0.0022,0.454,0,85,147.04,0.8312704026115344
0.00073,,,73400.0,0.0023,0.471,0,68,131.23,0.8781376209708147
0.00071,,,73100.0,0.0024,0.485,0,68,131.57,0.938960249296952
0.00021,,,69250.0,0.0023,0.464,0,100,162.8,0.8890202702702701
0.00094,,,74700.0,0.0024,0.471,0,51,117.74084616,0.926288569828977
0.00094,,,71850.0,0.0023,0.465,0,34,102.69584616,0.9515087869061286
0.00042,,,73300.0,0.0023,0.469,0,85,148.587,0.9274297213080553
0.00079,,,73950.0,0.0023,0.468,0,51,115.30950000000001,0.9683894215134051
0.0009,,,74300.0,0.0022,0.461,0,51,119.74684616,0.8066183210448907
0.00062,,,74400.0,0.0021,0.473,0,102,124.785,0.8824137516528429
0.00055,,,74200.0,0.0024,0.484,0,85,147.19299999999998,0.9325851093462325
0.00067,,,72850.0,0.0023,0.467,0,68,131.706,0.9015952196559003
0.00067,,,75050.0,0.0023,0.467,0,68,129.632,0.9436828869414958
0.00074,,,71000.0,0.0022,0.456,0,68,130.771,0.7926833931070346
0.00063,,,71400.0,0.0023,0.472,0,68,132.692,0.8986073011183794
0.0011,,,78800.0,0.0023,0.468,0,34,98.8535,0.9565670411265154
0.00073,,,77850.0,0.0023,0.466,0,68,131.757,0.9276509027983333
0.0007,,,120050.0,0.0024,0.487,0,68,131.4,1.5531582952815826
0.00108,,,73450.0,0.0023,0.458,0,34,87.88084615999999,1.0196647382849915
0.00045,,,67850.0,0.0022,0.478,0,102,124.548,0.9533473038507243
0.00043,,,71700.0,0.0023,0.501,0,119,140.9425,0.9513028362630152
0.00068,,,72200.0,0.0022,0.482,0,102,124.529,0.8812726352897718
0.00057,,,73200.0,0.0023,0.488,0,119,140.9425,0.89849406672934
0.00049,,,71800.0,0.0023,0.49,0,110,132.209,0.9829739276448652
0.00072,,,71100.0,0.0022,0.487,0,100,122.60900000000001,0.858240422807461
0.00059,,,70100.0,0.0022,0.476,0,102,125.379,0.9001587187647054
0.0005,,,74600.0,0.0022,0.481,0,112,134.2225,0.9448490379779844
0.0006,,,71900.0,0.0022,0.478,0,105,127.40899999999999,0.9029189460713138
0.00065,,,72150.0,0.0022,0.48,0,102,124.20100000000001,0.900415455592145
0.00074,,,73650.0,0.0022,0.486,0,95,117.33500000000001,0.9164273234755188
0.00069,,,71100.0,0.0022,0.489,0,102,124.893,0.8596238380053326
0.00046,,,71650.0,0.0023,0.504,0,115,137.8245,0.956549815163487
0.00084,,,69350.0,0.0022,0.494,0,119,143.6985,0.6563464475968782
0.00031,,,73650.0,0.0021,0.472,0,119,143.6985,0.9174312884268102
0.001,,,74900.0,0.0023,0.503,0,90,113.8135,0.855522411664697
0.00073,,,71700.0,0.0022,0.482,0,85,109.101,0.9660681386971707
0.00075,,,74600.0,0.0022,0.487,0,85,110.127,0.9822296076348217
0.00067,,,73700.0,0.0021,0.466,0,102,124.40700000000001,0.8471468647262612
0.00068,,,71350.0,0.0022,0.481,0,85,107.717,1.0068234354837213
0.00074,,,70950.0,0.0023,0.502,0,85,108.057,1.0242927343901829
0.00076,,,70500.0,0.0021,0.475,0,85,107.717,0.8770203403362513
0.00074,,,69050.0,0.0022,0.49,0,85,108.063,0.9329095064915838
0.00075,,,70050.0,0.0021,0.468,0,102,125.47950000000002,0.7536490024266911
0.00101,,,73400.0,0.0021,0.475,0,68,91.8435,0.8711122725070363
0.00081,,,71050.0,0.0021,0.477,0,85,108.21350000000001,0.8469784269060698
0.00094,,,72700.0,0.0021,0.479,0,85,108.33350000000002,0.7784480331568719
0.00071,,,70550.0,0.0021,0.474,0,102,125.59700000000001,0.7807869614720094
0.00071,,,72650.0,0.0021,0.477,0,102,126.327,0.7993817632018491
0.00067,,,73950.0,0.0021,0.467,0,102,125.307,0.8439153439153438
0.00072,,,73000.0,0.0021,0.468,0,102,125.55350000000001,0.8023671183997257
0.00038,,,73150.0,0.0022,0.499,0,119,143.7105,0.9263971665257584
0.00074,,,73450.0,0.0022,0.484,0,127,150.8865,0.7107130193887459
0.00082,,,65600.0,0.0022,0.454,0,68,116.5,0.7770643776824034
0.00038,,,71000.0,0.0023,0.465,0,102,149.65,0.9109254928165719
0.00048,,,71350.0,0.0023,0.467,0,90,137.62,0.9435910478128179
0.00065,,,71000.0,0.0022,0.456,0,80,128.7,0.8550893550893552
0.00057,,,70850.0,0.0022,0.46,0,85,134.01,0.8617677785239909
0.00041,,,70100.0,0.0024,0.478,0,102,148.97,0.9364234409612672
0.00057,,,70300.0,0.0024,0.477,0,85,132.99,0.9673584480036093
0.00117,,,70450.0,0.0022,0.459,0,40,95.32384616,0.7612313489554648
0.00034,,,67500.0,0.0024,0.489,0,110,158.35,0.8781180928323333
0.00083,,,74000.0,0.0023,0.461,0,68,122.20384616,0.8901520158176992
0.0005,,,72400.0,0.0023,0.47,0,95,143.61,0.9074576979318988
0.00075,,,75050.0,0.0021,0.457,0,68,118.31900000000002,0.8563079471597966
0.00101,,,75900.0,0.0023,0.464,0,51,104.81284616,0.9341507609719505
0.00075,,,71500.0,0.0023,0.466,0,85,134.758,0.8224001543507621
0.0009,,,74500.0,0.0023,0.461,0,68,122.76484616,0.849591746028544
0.00104,,,74300.0,0.0023,0.469,0,34,88.32284616,1.0599522555059837
0.00082,,,73750.0,0.0022,0.45,0,68,122.62884616000001,0.8299433876039987
0.00101,,,73000.0,0.0023,0.459,0,51,105.56084616,0.8920921290955289
0.00106,,,72450.0,0.0022,0.46,0,51,105.67984616,0.7815397448152381
0.00106,,,74650.0,0.0022,0.452,0,51,104.47284616,0.8145752999747701
0.0004,,,68400.0,0.0023,0.468,0,68,117.16300000000001,1.1092239017437244
0.0004,,,73000.0,0.0023,0.464,0,85,133.432,1.0394807842196774
0.00041,,,70950.0,0.0023,0.472,0,85,159.646,0.8399552760482567
0.00067,,,74050.0,0.0022,0.461,0,85,132.718,0.8536634066215586
0.00062,,,68050.0,0.0023,0.461,0,85,139.69684616,0.818372090298019
0.00032,,,76400.0,0.0023,0.468,0,0,57.94384616,2.6106654981495967
0.00065,,,78100.0,0.0023,0.477,0,68,128.34,1.0040906965871903
0.00074,,,66250.0,0.0024,0.482,0,68,129.7,0.8479182729375481
0.00069,,,70350.0,0.0022,0.454,0,68,129.7,0.8190323824209716
0.00074,,,72300.0,0.0023,0.466,0,68,130.38,0.8650713299585826
0.0007,,,73900.0,0.0023,0.465,0,68,129.36,0.914038342609771
0.00071,,,70500.0,0.0023,0.465,0,68,130.38,0.8597560975609755
0.00066,,,73800.0,0.0023,0.469,0,68,129.36,0.9356215213358069
0.0009,,,70200.0,0.0022,0.452,0,54,117.62,0.7758884543444993
0.00074,,,75300.0,0.0023,0.479,0,68,129.7,0.9056900539707017
0.00072,,,67200.0,0.0022,0.47,0,85,147.54999999999998,0.6740494747543206
0.0008,,,73700.0,0.0022,0.452,0,54,116.94,0.8823328202497009
0.00072,,,72650.0,0.0023,0.469,0,68,130.72,0.8781135250917992
0.00077,,,72250.0,0.0023,0.473,0,68,130.04,0.8500653645032299
0.00076,,,70800.0,0.0022,0.457,0,68,129.87,0.7850311850311851
0.00047,,,72300.0,0.0024,0.479,0,68,131.23,1.0633163148670273
0.0005,,,71050.0,0.0023,0.462,0,85,132.48,0.9653532608695653
0.00037,,,72300.0,0.0024,0.471,0,97,144.67999999999998,1.0144387614044788
0.00079,,,70850.0,0.0024,0.473,0,110,158.86,0.7180441898527004
0.00072,,,71000.0,0.0024,0.471,0,108,156.43,0.7625135843508276
0.00074,,,72350.0,0.0023,0.469,0,80,129.21,0.8735082423960994
0.00037,,,63600.0,0.0023,0.463,0,102,151.18,0.8119327953432993
0.00052,,,75100.0,0.0022,0.456,0,93,141.52,0.8915206331260599
0.00049,,,73650.0,0.0023,0.469,0,95,144.29,0.9238789936932567
0.00044,,,74700.0,0.0022,0.46,0,95,143.61,0.9154794234384792
0.00071,,,74900.0,0.0024,0.487,0,75,123.22,1.0272764161662067
0.00057,,,64450.0,0.0022,0.457,0,85,134.01,0.7839228415789868
0.00047,,,73150.0,0.0022,0.456,0,95,143.27,0.883293780972988
0.00057,,,74050.0,0.0022,0.454,0,85,133.32999999999998,0.9052838820970526
0.00038,,,73100.0,0.0022,0.459,0,102,150.67000000000002,0.8830025884383088
0.00038,,,75450.0,0.0024,0.483,0,102,151.18,1.0081293821934116
0.00085,,,71250.0,0.0023,0.475,0,68,120.84384616000001,0.8549256191598857
0.00073,,,70000.0,0.0022,0.458,0,68,122.56084616,0.8395829763256263
0.00094,,,70900.0,0.0023,0.469,0,68,120.50384616000001,0.8001736299103036
0.00073,,,65550.0,0.0023,0.459,0,85,132.242,0.778220988793273
0.0008,,,71700.0,0.0023,0.462,0,85,134.316,0.8007236665773251
0.00091,,,68400.0,0.0023,0.463,0,68,120.84384616000001,0.7867674111772079
0.00093,,,70400.0,0.0023,0.456,0,68,121.57484616,0.7933219991335089
0.00082,,,73000.0,0.0023,0.466,0,68,121.40484615999999,0.889915052135675
0.00081,,,79200.0,0.0023,0.459,0,68,120.33384616,0.980671720931221
0.00041,,,73700.0,0.0023,0.468,0,102,149.769,0.9300522805119885
0.00065,,,71800.0,0.0023,0.46,0,85,135.608,0.8736210253082414
0.00097,,,71050.0,0.0023,0.463,0,51,104.52384615999999,0.9040664257163803
0.00065,,,72800.0,0.0023,0.462,0,85,134.095,0.8957828405235095
0.00068,,,76350.0,0.0024,0.473,0,85,133.585,0.9830594752404833
0.00078,,,72300.0,0.0024,0.47,0,68,117.50300000000001,0.996791571279031
0.00039,,,73900.0,0.0023,0.469,0,90,150.65,0.9369332890806504
0.00049,,,73200.0,0.0023,0.467,0,85,145.85,0.9084127528282482
0.00054,,,73550.0,0.0024,0.485,0,85,145.85,0.937970517655125
0.00036,,,79300.0,0.0024,0.47,0,90,150.65,1.0738267507467638
0.00085,,,75700.0,0.0023,0.463,0,51,113.21000000000001,0.9695698259871034
0.00041,,,73500.0,0.0023,0.466,0,85,145.85,0.9524511484401782
0.00086,,,69900.0,0.0024,0.476,0,68,131.23,0.820284995808885
0.00032,,,77100.0,0.0024,0.478,0,85,147.21,1.0893825147748113
0.00054,,,71550.0,0.0023,0.462,0,78,139.47,0.9029038502903849
0.00048,,,71700.0,0.0024,0.471,0,90,153.03,0.8995883160164673
0.00027,,,73000.0,0.0023,0.465,0,85,147.72,1.0031816950988357
0.00036,,,77350.0,0.0023,0.465,0,85,147.89,1.0146663060382717
0.00063,,,72100.0,0.0023,0.467,0,85,147.72,0.8151028973734091
0.00097,,,72100.0,0.0022,0.452,0,51,114.22999999999999,0.7763547229274272
0.00084,,,67700.0,0.0023,0.463,0,58,121.12,0.816066710700132
0.00068,,,71100.0,0.0023,0.463,0,68,130.04000000000002,0.8857428483543522
0.00091,,,70150.0,0.0024,0.48,0,54,115.91999999999999,0.901686507936508
0.00072,,,70150.0,0.0024,0.466,0,54,115.91999999999999,1.0166666666666666
0.0007,,,73100.0,0.0023,0.457,0,54,116.09,1.0074941855456971
0.00071,,,73550.0,0.0023,0.459,0,68,128.68,0.9088009014609884
0.00071,,,70500.0,0.0023,0.462,0,54,116.3809,0.9631735104299759
0.0007,,,71250.0,0.0023,0.459,0,54,115.57999999999998,0.9863298148468593
0.00072,,,71450.0,0.0024,0.469,0,54,116.25999999999999,1.0324789265439531
0.00073,,,75750.0,0.0023,0.458,0,54,114.9,1.0350522193211487
0.00067,,,71200.0,0.0024,0.464,0,68,128.0,0.9623124999999999
0.00069,,,68450.0,0.0023,0.46,0,68,128.68,0.8564229095430524
0.00078,,,70700.0,0.0024,0.475,0,54,115.24000000000001,0.9938736549809093
0.00067,,,70600.0,0.0024,0.471,0,68,128.68,0.9491607087348459
0.00054,,,70300.0,0.0024,0.476,0,72,131.5,0.9943574144486691
0.00096,,,67750.0,0.0023,0.472,0,44,110.66384616,0.820367293838145
0.00061,,,76750.0,0.0024,0.474,0,60,119.29999999999998,1.1515716680637051
0.00067,,,65150.0,0.0023,0.469,0,72,134.39000000000001,0.7901964431877371
0.00043,,,71600.0,0.0023,0.468,0,95,157.66,0.8492452112140048
0.00037,,,74900.0,0.0023,0.459,0,95,156.81,0.9218608507110515
0.00035,,,70650.0,0.0024,0.473,0,90,152.18,0.9517183598370349
0.00041,,,72650.0,0.0024,0.473,0,90,151.84,0.9521437038988406
0.00066,,,72050.0,0.0024,0.472,0,75,135.74,0.9235818476499188
0.00047,,,72750.0,0.0023,0.459,0,90,151.32999999999998,0.8797495539549329
0.00052,,,73050.0,0.0023,0.468,0,85,146.19,0.8894520829058075
0.00072,,,68400.0,0.0023,0.459,0,68,130.38,0.8289001380579843
0.00076,,,71750.0,0.0022,0.447,0,60,122.19,0.8455683771176038
0.00044,,,69550.0,0.0023,0.457,0,80,141.73,0.912742538629789
0.0005,,,68700.0,0.0024,0.473,0,75,137.1,0.9520787746170677
0.00051,,,69950.0,0.0023,0.459,0,90,152.35,0.821860846734493
0.00032,,,76600.0,0.0024,0.47,0,85,145.85,1.0924100102845389
0.00028,,,73150.0,0.0023,0.457,0,90,150.65,0.9808363757052772
0.00049,,,71500.0,0.0023,0.466,0,85,145.85,0.887315735344532
0.00052,,,75500.0,0.0023,0.466,0,80,141.05,0.9527827011697978
0.00106,,,74050.0,0.0024,0.476,0,51,115.75999999999999,0.8571786454733932
0.00079,,,76550.0,0.0023,0.456,0,56,118.00999999999999,0.9794975002118466
0.00031,,,73050.0,0.0022,0.469,0,85,147.21,0.9378744650499287
0.00088,,,71400.0,0.0024,0.495,0,60,122.87,0.8832750061040121
0.00067,,,68250.0,0.0023,0.461,0,68,130.04,0.855486773300523
0.00066,,,73600.0,0.0022,0.456,0,68,130.55,0.8682037533512065
0.00074,,,73650.0,0.0024,0.472,0,60,121.68,1.0047583826429978
0.00106,,,71200.0,0.0024,0.487,0,44,113.21384615999999,0.8427237766055946
0.00095,,,73900.0,0.0023,0.465,0,44,112.53384616000001,0.886533282246078
0.00045,,,71400.0,0.0024,0.469,0,75,136.59,1.0193279156600044
0.00073,,,70100.0,0.0024,0.468,0,68,130.04000000000002,0.9002383881882495
0.00075,,,72200.0,0.0024,0.483,0,85,147.21,0.8092520888526593
0.00084,,,69900.0,0.0024,0.467,0,54,115.24000000000001,0.9462339465463379
0.00066,,,71850.0,0.0023,0.458,0,68,129.4778,0.9100710700985034
0.00074,,,71800.0,0.0023,0.463,0,54,115.91999999999999,0.9662525879917185
0.0007,,,73400.0,0.0023,0.467,0,54,116.6,1.0072041166380787
0.00077,,,75550.0,0.0023,0.46,0,51,112.69999999999999,1.0256566104702753
0.00065,,,73300.0,0.0022,0.45,0,68,129.02,0.8805999069911642
0.00072,,,71550.0,0.0024,0.471,0,54,117.44999999999999,1.0234482758620689
0.00079,,,73850.0,0.0022,0.45,0,54,115.57999999999998,0.9009214396954494
0.0008,,,70050.0,0.0023,0.457,0,54,115.57999999999998,0.9091105727634541
0.00074,,,72150.0,0.0023,0.461,0,54,115.57999999999998,0.9738189998269599
0.00076,,,74450.0,0.0024,0.48,0,68,130.38,0.9364779874213836
0.0011,,,74300.0,0.0024,0.478,0,54,115.57999999999998,0.8356982176847204
0.00076,,,71250.0,0.0024,0.466,0,54,120.77384615999999,0.9675107957164688
0.00073,,,76950.0,0.0024,0.478,0,51,112.69999999999999,1.1402528837622006
0.00035,,,70600.0,0.0023,0.464,0,96,144.91,0.9500379545925056
0.00059,,,73950.0,0.0023,0.461,0,85,133.67000000000002,0.9460200493753271
0.00058,,,72400.0,0.0023,0.455,0,85,134.18,0.928066775972574
0.0005,,,76600.0,0.0024,0.477,0,90,137.28,1.0601689976689976
0.00046,,,74000.0,0.0023,0.461,0,90,138.64,0.9821119446047317
0.0005,,,71150.0,0.0024,0.469,0,90,138.98,0.9726939127932075
0.00037,,,75900.0,0.0023,0.457,0,93,141.86,1.032616664316932
0.00054,,,74200.0,0.0023,0.463,0,85,134.01,0.9744944407133795
0.00056,,,76150.0,0.0023,0.464,0,80,127.0,1.0433149606299212
0.00044,,,71900.0,0.0023,0.457,0,95,142.25,0.9401335676625657
0.00027,,,71500.0,0.0024,0.47,0,94,143.5,1.0612891986062718
0.00045,,,74350.0,0.0023,0.462,0,92,140.9,0.9762065294535132
0.00051,,,76800.0,0.0023,0.461,0,90,139.66,0.9843333810683086
0.00072,,,76950.0,0.0023,0.455,0,73,121.30000000000001,1.0023165704863972
0.0005,,,74100.0,0.0023,0.47,0,85,133.84,0.9965630603705917
0.00062,,,74500.0,0.0024,0.475,0,85,132.73499999999999,0.9990582740045956
0.00066,,,72300.0,0.0023,0.463,0,85,133.16,0.8904475818564134
0.00069,,,72300.0,0.0024,0.468,0,68,116.245,1.0635554217385692
0.00081,,,71700.0,0.0024,0.476,0,68,122.03384616000001,0.9341916491800915
0.00065,,,74650.0,0.0024,0.475,0,85,159.17,0.8207419739900735
0.00085,,,76000.0,0.0022,0.451,0,68,122.23784615999999,0.8393472498337745
0.00074,,,75350.0,0.0024,0.47,0,68,117.60499999999999,1.0635687258194804
0.00094,,,73600.0,0.0024,0.471,0,51,103.89484616,1.0342765206516187
0.00075,,,70700.0,0.0023,0.46,0,68,117.48599999999999,0.932749433975112
0.00075,,,73750.0,0.0024,0.473,0,68,143.411,0.8485227771928233
0.00074,,,73950.0,0.0024,0.474,0,68,116.398,1.0546315228784
0.00064,,,72350.0,0.0023,0.457,0,85,134.367,0.8938280976727917
0.00033,,,74650.0,0.0023,0.463,0,102,150.43200000000002,0.977587880238247
0.00092,,,74450.0,0.0024,0.477,0,51,105.67984616,1.0426396707010497
0.00067,,,74950.0,0.0024,0.473,0,85,132.82,0.9762347538021381
0.00258,,,73700.0,0.0023,0.459,0,68,116.959,-0.17643789704084328
0.00025,,,72350.0,0.0024,0.477,0,92,153.42,1.0138997523139097
0.00029,,,72300.0,0.0023,0.475,0,85,146.7,0.9906134969325154
0.00065,,,64100.0,0.0023,0.464,0,68,130.21,0.8122648030105214
0.00079,,,73700.0,0.0024,0.467,0,58,119.08000000000001,0.9964477662075913
0.00065,,,70350.0,0.0024,0.471,0,60,120.49000000000001,1.0217652917254543
0.00103,,,66600.0,0.0023,0.461,0,34,102.59384616000001,0.8244354136805664
0.00028,,,77200.0,0.0023,0.462,0,85,145.68,1.070455793520044
0.00055,,,68900.0,0.0024,0.473,0,70,131.62,0.9684318492630297
0.00051,,,71200.0,0.0024,0.47,0,68,130.38,1.0321214910262309
0.00038,,,72500.0,0.0024,0.483,0,85,146.7,0.998295841854124
0.00076,,,63400.0,0.0024,0.472,0,68,115.99000000000001,0.8964221053539096
0.00067,,,73250.0,0.0024,0.475,0,85,130.03199999999998,0.9745485726590378
0.00067,,,64150.0,0.0024,0.47,0,85,132.786,0.8357771150573101
0.00078,,,72750.0,0.0024,0.466,0,68,121.06484616000002,0.9734865548355972
0.00083,,,70100.0,0.0023,0.463,0,68,120.36784616000001,0.8561007219737393
0.00068,,,72800.0,0.0023,0.468,0,85,133.585,0.8828536138039449
0.00095,,,73300.0,0.0022,0.452,0,51,105.61184616000001,0.8675636619512344
0.00076,,,71350.0,0.0024,0.477,0,68,116.10900000000001,1.0077944000895707
0.00066,,,68400.0,0.0024,0.476,0,68,117.214,1.0153735901854726
0.00068,,,73350.0,0.0023,0.463,0,85,133.16,0.8923625713427455
0.00081,,,71850.0,0.0023,0.465,0,68,118.10684615999999,0.9064377170394506
0.00076,,,63950.0,0.0023,0.46,0,68,115.65,0.8515607436230003
0.0009,,,71600.0,0.0023,0.468,0,51,105.01684616000001,0.9545135248803589
0.00103,,,72300.0,0.0024,0.473,0,51,105.08484616,0.9425811962381996
0.00068,,,72100.0,0.0024,0.478,0,51,104.31984616000001,1.1887670904901186
0.00082,,,70650.0,0.0024,0.481,0,58,119.93,0.9307679479696488
0.00069,,,71900.0,0.0023,0.463,0,68,129.53,0.8936848606500424
0.00093,,,71700.0,0.0023,0.464,0,51,112.87,0.8702843979799769
0.00023,,,72850.0,0.0024,0.469,0,90,150.65,1.049349485562562
0.00068,,,70000.0,0.0023,0.469,0,68,134.04384616,0.8459918396003149
0.00062,,,69800.0,0.0023,0.467,0,76,137.21,0.8546315866190511
0.00078,,,72500.0,0.0024,0.481,0,51,78.12384616,1.5033822036802802
0.00082,,,68600.0,0.0023,0.462,0,56,120.99384615999999,0.8391170561330968
0.00066,,,71800.0,0.0025,0.492,0,68,129.87,1.0172634172634172
0.0006,,,68200.0,0.0024,0.474,0,68,129.02,0.9514803906371104
0.00055,,,69000.0,0.0024,0.473,0,73,133.82,0.9538932894933492
0.00067,,,70000.0,0.0024,0.473,0,72,133.88,0.9045413803406034
0.00067,,,74650.0,0.0024,0.47,0,62,123.25999999999999,1.0477405484342042
0.00068,,,68800.0,0.0023,0.458,0,62,123.43,0.9029895487320747
0.00035,,,76500.0,0.0025,0.501,0,90,152.01,1.082001184132623
0.00057,,,65700.0,0.0023,0.469,0,68,129.70000000000002,0.876337702390131
0.00049,,,70250.0,0.0024,0.464,0,85,145.68,0.9210426963207027
0.00047,,,71000.0,0.0024,0.483,0,85,145.68,0.9406232839099395
0.00074,,,69350.0,0.0024,0.47,0,54,114.9,1.0019234116623148
0.00072,,,69850.0,0.0023,0.462,0,54,119.41384616,0.9242060577474995
0.00088,,,68450.0,0.0024,0.483,0,54,119.75384616000001,0.8688155189687143
0.00053,,,67650.0,0.0022,0.451,0,68,129.02,0.8756433111145557
0.00037,,,68850.0,0.0023,0.462,0,85,145.68,0.9121396210873145
0.0005,,,69850.0,0.0024,0.475,0,85,146.53,0.9057189653995767
0.00055,,,71600.0,0.0024,0.472,0,85,146.7,0.9029311520109066
0.00064,,,72800.0,0.0023,0.468,0,68,129.53,0.9329730564348028
0.00065,,,71150.0,0.0022,0.457,0,68,129.19,0.8536457930180356
0.00053,,,68750.0,0.0023,0.461,0,68,129.36,0.9406887755102039
0.00089,,,69750.0,0.0024,0.471,0,54,116.09,0.9072486863640278
0.00066,,,69800.0,0.0024,0.478,0,68,129.53,0.9376360688643556
0.00061,,,69950.0,0.0024,0.47,0,75,123.56,1.0133578828099707
0.00088,,,73200.0,0.0023,0.47,0,60,109.16,0.9522169292781237
0.00056,,,71750.0,0.0023,0.462,0,85,133.5,0.9351685393258427
0.00049,,,72100.0,0.0022,0.455,0,93,141.86,0.8691033413224306
0.00044,,,74400.0,0.0022,0.45,0,95,143.27,0.913966636420744
0.0005,,,72850.0,0.0022,0.454,0,95,143.61,0.8623703084743403
0.00038,,,73750.0,0.0023,0.46,0,100,148.07000000000002,0.9563044505976901
0.00042,,,72200.0,0.0022,0.458,0,92,140.39000000000001,0.9154213263052925
0.00047,,,71300.0,0.0023,0.468,0,90,139.49,0.9354003871245251
0.00043,,,73950.0,0.0024,0.47,0,110,160.05,0.9102249297094658
0.00034,,,76350.0,0.0024,0.474,0,105,168.28,0.93463869740908
0.00033,,,73850.0,0.0023,0.47,0,105,155.08,0.9381254836213566
0.00067,,,73700.0,0.0024,0.467,0,75,125.26000000000002,1.0178907871627012
0.00051,,,75650.0,0.0024,0.465,0,92,140.73,1.015977403538691
0.00091,,,74550.0,0.0024,0.47,0,51,104.48984616,1.0630650161921913
0.00061,,,69850.0,0.0023,0.464,0,85,132.548,0.8905943507257749
0.00089,,,70400.0,0.0023,0.459,0,68,121.14984616,0.8193489562413819
0.0008,,,72050.0,0.0024,0.473,0,68,121.57484616,0.9482224624679713
0.00083,,,73150.0,0.0024,0.48,0,68,122.05084616,0.940964389951428
0.0007,,,74550.0,0.0024,0.477,0,51,104.69384616,1.210529602726747
0.00068,,,71200.0,0.0024,0.479,0,68,116.17699999999999,1.054115702763886
0.00097,,,70250.0,0.0024,0.477,0,51,104.79584616000001,0.9586019263265805
0.00071,,,70200.0,0.0023,0.464,0,68,116.959,0.9543344248839336
0.0011,,,71100.0,0.0024,0.469,0,36,89.78384616000001,1.0294724936965205
0.00094,,,70150.0,0.0024,0.476,0,51,104.37084616,0.9812989332575897
0.0006,,,71250.0,0.0022,0.46,0,68,117.452,0.9706092701699419
0.00075,,,74800.0,0.0024,0.483,0,68,116.78900000000002,1.0567776074801563
0.00082,,,73400.0,0.0023,0.467,0,68,121.06484616000002,0.8973042418641602
0.00032,,,71150.0,0.0023,0.469,0,85,106.148,1.3271752647247241
0.00026,,,71450.0,0.0024,0.474,0,102,148.375,1.0305172704296546
0.00022,,,70050.0,0.0024,0.464,0,94,154.49,0.9884717457440609
0.00063,,,71800.0,0.0023,0.462,0,76,137.21,0.8738867429487647
0.00054,,,71950.0,0.0024,0.477,0,80,141.05,0.9487912087912085
0.00045,,,70900.0,0.0022,0.452,0,85,145.85,0.8507027768255058
0.00041,,,73700.0,0.0023,0.464,0,85,106.25,1.3109929411764707
0.00039,,,72400.0,0.0024,0.479,0,90,152.35,0.9551952740400392
0.00074,,,75200.0,0.0023,0.47,0,60,121.50999999999999,0.9654514031766933
0.00049,,,69900.0,0.0024,0.478,0,68,129.7,1.0293677717810332
0.00072,,,71850.0,0.0023,0.472,0,55,115.69,0.981268908289394
0.00053,,,68550.0,0.0024,0.481,0,70,130.94,0.9789865587291888
0.00038,,,68600.0,0.0023,0.466,0,85,147.04,0.8957562568008705
0.00055,,,65700.0,0.0024,0.483,0,90,153.897,0.789781477221778
0.00057,,,75800.0,0.0023,0.464,0,80,142.6735,0.9191195281534412
0.00046,,,76250.0,0.0024,0.473,0,75,136.59,1.0829855772750565
0.00044,,,72450.0,0.0023,0.468,0,75,117.244,1.1493722493261915
0.00045,,,72150.0,0.0023,0.466,0,85,148.06,0.9015095231662839
0.00037,,,75900.0,0.0023,0.468,0,80,141.73000000000002,1.0335638185281872
0.00028,,,68550.0,0.0024,0.47,0,95,158.51000000000002,0.9168254368809537
0.00068,,,77700.0,0.0023,0.462,0,75,137.27,0.9169811320754716
0.00069,,,74350.0,0.0024,0.484,0,80,142.07,0.8949004012106707
0.00094,,,71800.0,0.0023,0.461,0,51,118.91384616,0.8211659378052028
0.00068,,,77400.0,0.0023,0.465,0,68,130.55,0.9604595940252775
0.00053,,,75400.0,0.0022,0.454,0,85,146.7,0.8583367416496251
0.00127,,,72400.0,0.0022,0.454,0,34,97.74000000000001,0.6888888888888889
0.00068,,,79600.0,0.0023,0.479,0,85,147.21,0.8759730996535561
0.00056,,,72500.0,0.0022,0.467,0,85,148.6805,0.7997013730785142
0.0004,,,76100.0,0.0022,0.461,0,85,149.0205,0.9192023916172608
0.00099,,,73600.0,0.0024,0.488,0,51,113.18450000000001,0.9168746603996127
0.00073,,,68750.0,0.0023,0.472,0,68,132.505,0.8145919021923701
0.00074,,,77100.0,0.0022,0.467,0,68,132.675,0.8484341435839458
0.00069,,,73100.0,0.0022,0.466,0,51,115.7005,0.9540235349026149
0.00089,,,72600.0,0.0023,0.481,0,51,116.12549999999999,0.8815118126509682
0.00096,,,74700.0,0.0023,0.479,0,34,99.3125,1.0079093769666456
0.00078,,,73000.0,0.0023,0.472,0,51,115.3605,0.9618543608947604
0.0006,,,72800.0,0.0023,0.476,0,68,118.608,1.0434372049102927
0.00068,,,73200.0,0.0023,0.474,0,68,131.179,0.9039861563207524
0.00097,,,71600.0,0.0024,0.483,0,51,115.4795,0.8866335583371939
0.00044,,,74400.0,0.0023,0.473,0,85,148.332,0.9329342286222797
0.00079,,,73500.0,0.0024,0.465,0,51,99.67000000000002,1.1872679843483493
0.00105,,,70500.0,0.0024,0.466,0,51,104.86384616,0.9076054663757337
0.00067,,,73750.0,0.0024,0.467,0,51,100.84299999999999,1.2652092857213688
0.00084,,,75000.0,0.0023,0.451,0,68,120.84384616000001,0.9061280609607502
0.00081,,,73000.0,0.0023,0.458,0,68,120.97984616000001,0.8990753704228382
0.00056,,,70950.0,0.0024,0.476,0,90,151.5,0.8617029702970297
0.00048,,,72850.0,0.0024,0.476,0,78,139.13,1.0053331416660676
0.00039,,,69450.0,0.0023,0.473,0,85,145.85,0.9094926294137813
0.00036,,,72900.0,0.0023,0.468,0,85,145.85,0.9696674665752485
0.00062,,,71850.0,0.0023,0.473,0,65,125.80000000000001,0.9595230524642289
0.00067,,,68300.0,0.0023,0.459,0,68,130.89000000000001,0.85055390022156
0.00061,,,74500.0,0.0023,0.455,0,68,129.53,0.9720142052034277
0.00031,,,73450.0,0.0023,0.468,0,90,150.65,0.9702323265847992
0.00055,,,71000.0,0.0023,0.471,0,72,133.37,0.931618804828672
0.00051,,,72450.0,0.0024,0.472,0,68,129.53,1.0571334825909056
0.00031,,,70300.0,0.0024,0.468,0,85,145.85,1.0073842989372643
0.00047,,,68350.0,0.0024,0.479,0,85,145.85,0.9044600617072334
0.00036,,,70650.0,0.0024,0.469,0,85,145.85,0.9881796366129584
0.00024,,,71900.0,0.0024,0.475,0,92,153.42,1.012280015643332
0.00019,,,69400.0,0.0023,0.455,0,92,152.06,0.9630014467973168
0.00071,,,68850.0,0.0023,0.457,0,68,130.72,0.8374502753977968
0.00074,,,76600.0,0.0023,0.46,0,54,114.04999999999998,1.0477509864094696
0.00046,,,65650.0,0.0024,0.468,0,85,147.674,0.8624470116608204
0.00038,,,74400.0,0.0023,0.456,0,85,147.04,0.9714907508161044
0.00027,,,72450.0,0.0024,0.467,0,85,146.36,1.0543761956818802
0.00065,,,71350.0,0.0023,0.459,0,68,130.38,0.9029567418315694
0.00066,,,73500.0,0.0024,0.468,0,68,129.02,0.9912416679584559
0.00078,,,69450.0,0.0023,0.454,0,54,114.9,0.9187467362924282
0.00061,,,70650.0,0.0023,0.457,0,68,128.0,0.9328007812500001
0.00083,,,66700.0,0.0022,0.453,0,54,118.13,0.7735460932870567
0.00022,,,76950.0,0.0024,0.475,0,85,146.87,1.1421733505821472
0.00079,,,66450.0,0.0023,0.456,0,54,115.57999999999998,0.8681389513756707
0.00067,,,70400.0,0.0023,0.457,0,68,129.36,0.8870748299319726
0.00065,,,70750.0,0.0023,0.457,0,68,130.72,0.8930347307221542
0.0007,,,75200.0,0.0023,0.462,0,68,130.72,0.9204406364749081
0.00025,,,74400.0,0.0024,0.479,0,0,65.44,2.4443765281173597
0.00047,,,69650.0,0.0023,0.455,0,80,141.22,0.9025598357173206
0.00059,,,70500.0,0.0023,0.468,0,60,120.66,0.9991297861760318
0.00041,,,66350.0,0.0024,0.472,0,95,157.66,0.8374762146390966
0.00021,,,74500.0,0.0023,0.457,0,93,155.06,1.0041596801238228
0.00049,,,71100.0,0.0023,0.457,0,80,141.22,0.9112802719161592
0.00044,,,70800.0,0.0023,0.453,0,95,158.34,0.8316786661614247
0.00068,,,78450.0,0.0023,0.465,0,0,68.16,1.8645686619718311
0.00047,,,76050.0,0.0023,0.457,0,80,141.05,0.9866820276497695
0.00053,,,72300.0,0.0024,0.468,0,85,146.36,0.9237564908444927
0.00033,,,71600.0,0.0024,0.478,0,102,162.68,0.9110646668305875
0.00052,,,70700.0,0.0024,0.472,0,85,145.85,0.9113198491600958
0.00051,,,69800.0,0.0024,0.472,0,85,146.87,0.8982229182270033
0.00041,,,74600.0,0.0024,0.471,0,95,158.0,0.9395822784810125
0.00044,,,76850.0,0.0024,0.468,0,95,143.27,1.0513436169470232
0.00013,,,73900.0,0.0023,0.457,0,102,149.14000000000001,1.075251441598498
0.00089,,,69550.0,0.0023,0.455,0,68,122.49284615999998,0.8005814467883862
0.00066,,,74800.0,0.0022,0.453,0,85,131.494,0.87602476158608
0.0013,,,69250.0,0.0022,0.452,0,34,90.03984616000001,0.6921935416154426
0.0008,,,74000.0,0.0023,0.456,0,68,122.57784615999999,0.9055469930113839
0.00077,,,69000.0,0.0023,0.455,0,51,99.22800000000001,1.063913411537066
0.00023,,,70150.0,0.0023,0.459,0,102,149.463,0.9715481423496116
0.00047,,,70650.0,0.0023,0.471,0,0,56.413846160000006,2.2918043849254897
0.00038,,,71300.0,0.0023,0.459,0,102,149.65,0.9147744737721348
0.00109,,,69750.0,0.0023,0.459,0,51,105.20384616,0.8022282747309777
0.00068,,,73300.0,0.0024,0.46,0,85,132.97299999999998,0.9481323276153805
0.00097,,,72350.0,0.0024,0.464,0,51,104.35384616,0.9914392598560258
0.00102,,,71750.0,0.0024,0.471,0,51,104.08184616000001,0.9513186367562023
0.0008,,,64700.0,0.0024,0.459,0,68,115.18284616000001,0.8987449386013677
0.00068,,,76500.0,0.0024,0.466,0,68,116.17699999999999,1.1325821806381642
0.0011,,,73350.0,0.0023,0.463,0,34,88.37384616,0.9959960307786155
0.00082,,,71450.0,0.0023,0.459,0,40,100.1,1.0564035964035965
0.00076,,,63450.0,0.0022,0.456,0,65,126.82,0.7204541870367451
0.00078,,,70750.0,0.0024,0.481,0,68,129.36,0.8860157699443413
0.00065,,,68650.0,0.0024,0.463,0,68,129.19,0.9299287870578218
0.00083,,,71250.0,0.0024,0.473,0,68,129.53,0.8636030263259475
0.00075,,,70400.0,0.0023,0.46,0,62,126.24384615999999,0.8643589633803026
0.0009,,,65800.0,0.0023,0.458,0,58,123.59384616000001,0.7453445528408014
0.00081,,,70300.0,0.0024,0.472,0,54,116.25999999999999,0.9614398761396868
0.00066,,,71100.0,0.0024,0.47,0,68,129.36,0.9563543599257883
0.00077,,,69200.0,0.0024,0.468,0,54,116.25999999999999,0.970204713573026
0.00086,,,72200.0,0.0023,0.46,0,54,115.57999999999998,0.8995327911403357
0.00107,,,71250.0,0.0023,0.457,0,54,119.75384616000001,0.7318136561802767
0.00067,,,72150.0,0.0023,0.462,0,68,128.0,0.91878515625
0.00093,,,64000.0,0.0023,0.465,0,68,131.8578,0.6649587661859973
0.0009,,,69950.0,0.0023,0.465,0,54,118.29999999999998,0.827810650887574
0.00041,,,74050.0,0.0024,0.476,0,102,151.18,0.9747288001058338
0.00056,,,71950.0,0.0023,0.458,0,95,144.46,0.866627440121833
0.0006,,,76450.0,0.0023,0.45,0,85,131.97,0.9848071531408654
0.00068,,,71200.0,0.0023,0.461,0,77,125.65,0.9179785117389573
0.00061,,,72750.0,0.0024,0.473,0,85,134.18,0.9705060366671634
0.00051,,,74500.0,0.0024,0.467,0,85,132.99,1.0587638168283326
0.00058,,,69900.0,0.0022,0.45,0,85,134.18,0.8439260694589358
0.00055,,,74650.0,0.0024,0.475,0,102,151.86,0.9094066903727114
0.00043,,,74100.0,0.0024,0.468,0,95,142.08,1.0274282094594593
0.00057,,,71700.0,0.0024,0.479,0,95,143.10000000000002,0.9169182389937104
0.00058,,,76500.0,0.0024,0.467,0,85,133.16,1.0455842595373985
0.00051,,,75700.0,0.0023,0.459,0,95,142.08,0.9537091779279278
0.00048,,,71000.0,0.0024,0.467,0,95,142.25,0.9583128295254832
0.00038,,,74700.0,0.0024,0.474,0,90,137.96,1.0937518121194547
0.00051,,,72250.0,0.0024,0.462,0,95,142.59,0.9576583210603827
0.00066,,,74300.0,0.0024,0.478,0,85,132.888,0.9728643669857322
0.00076,,,72450.0,0.0023,0.458,0,68,115.24199999999999,0.9681626490342063
0.0009,,,68350.0,0.0023,0.458,0,51,104.91484616000001,0.9120730144718346
0.0009,,,72650.0,0.0024,0.467,0,51,104.79584616000001,1.0398790027766875
0.00076,,,69900.0,0.0024,0.466,0,68,116.53399999999999,0.9837129078208934
0.00082,,,71500.0,0.0024,0.468,0,68,120.86084616000001,0.9347113113079332
0.00052,,,73550.0,0.0022,0.455,0,85,132.61599999999999,0.9317427761356097
0.00106,,,72600.0,0.0024,0.465,0,51,104.40484615999999,0.9317958272828895
0.00067,,,72750.0,0.0023,0.454,0,85,134.554,0.881300444431232
0.0004,,,72950.0,0.0023,0.48,0,85,132.514,1.0459649546463015
0.00038,,,67500.0,0.0022,0.454,0,85,132.667,0.9260026984856822
0.00021,,,68150.0,,,0,102,163.275,
0.00071,,,71100.0,,0.479,0,68,118.013,
0.00087,,,74200.0,,0.472,0,68,120.58884616000002,
0.00075,,,71800.0,,0.484,0,85,134.605,
0.00056,,,73950.0,,0.481,0,75,137.27,
0.00083,,,71600.0,,0.454,0,44,104.62,
0.00097,,,67150.0,,0.477,0,40,107.16384616,
0.00116,,,71500.0,,0.454,0,27,93.83384616,
0.00069,,,68650.0,,0.468,0,60,120.15,
0.00089,,,68400.0,,0.47,0,44,110.15384615999999,
0.00073,,,70900.0,,0.479,0,60,121.0,
0.00111,,,69550.0,,0.468,0,34,99.70384616,
0.00055,,,67400.0,,0.483,0,75,135.91,
0.00093,,,68650.0,,0.472,0,44,111.51384616,
0.00088,,,66650.0,,0.462,0,51,118.06384616000001,
0.00058,,,68800.0,,0.466,0,72,133.20000000000002,
0.00059,,,70350.0,,0.457,0,75,136.93,
0.00051,,,72300.0,,0.463,0,75,135.23000000000002,
0.00026,,,70650.0,,0.474,0,78,138.95999999999998,
0.00128,,,68450.0,,0.452,0,56,123.71384615999999,
0.00067,,,71550.0,,0.473,0,68,129.53,
0.00084,,,67800.0,,0.472,0,68,129.19,
0.00066,,,67400.0,,0.47,0,68,129.53,
0.00088,,,70200.0,,0.482,0,56,120.05000000000001,
0.00049,,,70650.0,,0.464,0,85,148.23,
0.00038,,,69800.0,,0.471,0,85,147.04,
0.00099,,,61450.0,,0.457,0,54,114.56,
0.00074,,,69200.0,,0.475,0,54,114.6747,
0.00066,,,66500.0,,0.481,0,68,129.36,
0.00066,,,70200.0,,0.49,0,85,147.21,
0.00071,,,69100.0,,0.471,0,68,130.49779999999998,
0.00048,,,70250.0,,0.473,0,68,130.844,
0.00048,,,74050.0,,0.463,0,90,138.13,
0.00039,,,73250.0,,0.474,0,98,147.34,
0.00076,,,73500.0,,0.461,0,58,105.37,
0.0006,,,68900.0,,0.461,0,85,134.69,
0.00049,,,76400.0,,0.445,0,93,142.03,
0.00037,,,75250.0,,0.469,0,95,142.25,
0.00053,,,71850.0,,0.47,0,110,157.84,
0.00057,,,74050.0,,0.452,0,75,122.20000000000002,
0.0006,,,70250.0,,0.456,0,80,127.50999999999999,
0.00055,,,70650.0,,0.452,0,85,133.16,
0.00059,,,71600.0,,0.461,0,90,137.45,
0.00076,,,75500.0,,0.482,0,68,115.99000000000001,
0.00035,,,67250.0,,0.461,0,102,149.82000000000002,
0.00034,,,70000.0,,0.469,0,95,143.95000000000002,
0.00052,,,72050.0,,0.491,0,90,139.15,
0.00054,,,72100.0,,0.481,0,85,114.6,
0.00059,,,67250.0,,0.465,0,85,139.59,
0.00075,,,73400.0,,0.45,0,68,122.42,
0.00092,,,72600.0,,0.464,0,68,128.4023077,
0.00054,,,69450.0,,0.479,0,85,138.74,
0.00088,,,71300.0,,0.476,0,51,78.97384616000001,
0.00087,,,72200.0,,0.472,0,58,85.69384616,
0.00068,,,69600.0,,0.47,0,70,125.70000000000002,
0.00069,,,72300.0,,0.468,0,68,123.78,
0.00079,,,71750.0,,0.454,0,68,117.18,
0.00098,,,71700.0,,0.456,0,51,105.37384616000001,
0.00064,,,71900.0,,0.462,0,75,123.9,
0.00106,,,70350.0,,0.463,0,44,97.46384615999999,
0.00076,,,70600.0,,0.479,0,60,121.85,
0.00089,,,71850.0,,0.459,0,51,117.21384615999999,
0.00074,,,69900.0,,0.479,0,54,116.94,
0.00066,,,72650.0,,0.458,0,72,133.37,
0.00071,,,73550.0,,0.457,0,60,118.78999999999999,
0.00126,,,62500.0,,0.461,0,25,93.10384616,
0.00075,,,71450.0,,0.459,0,68,129.19,
0.00078,,,71100.0,,0.464,0,68,128.68,
0.00076,,,70150.0,,0.473,0,68,131.23,
0.00112,,,75400.0,,0.474,0,34,96.38,
0.0007,,,69200.0,,0.468,0,68,130.5009,
0.00081,,,73000.0,,0.463,0,54,117.96000000000001,
0.00067,,,75450.0,,0.453,0,68,130.72,
0.00072,,,71150.0,,0.466,0,68,91.29,
0.00073,,,78600.0,,0.47,0,54,116.43,
0.00065,,,73600.0,,0.465,0,68,130.38,
0.00099,,,72000.0,,0.465,0,54,116.94,
0.00066,,,70600.0,,0.461,0,68,131.23,
0.00028,,,73050.0,,0.478,0,95,157.66,
0.00037,,,70600.0,,0.482,0,93,154.89000000000001,
0.00055,,,69350.0,,0.467,0,95,156.81,
0.0,,,68800.0,,0.458,0,90,154.73,
0.00039,,,75750.0,,0.454,0,85,148.91,
0.00072,,,75900.0,,0.465,0,85,145.17,
0.00073,,,63950.0,,0.474,0,68,131.4,
0.00025,,,76200.0,,0.458,0,90,151.84,
0.0,,,72850.0,,0.489,0,68,131.6805,
0.00075,,,77700.0,,0.46,0,75,137.70350000000002,
0.00086,,,71000.0,,0.46,0,60,121.77349999999998,
0.00074,,,70000.0,,0.483,0,75,137.457,
0.00084,,,70050.0,,0.467,0,75,127.90384616000001,
0.00082,,,70100.0,,0.455,0,68,120.89484616,
0.00097,,,67750.0,,0.46,0,51,105.78184616,
0.00083,,,75200.0,,0.465,0,51,104.04784615999999,
0.00093,,,70250.0,,0.467,0,51,104.43884616000001,
0.00074,,,72450.0,,0.462,0,68,116.46600000000001,
0.00089,,,71800.0,,0.474,0,51,104.60884616,
0.0007,,,71400.0,,0.467,0,85,132.361,
0.00063,,,73550.0,,0.472,0,85,133.126,
0.00072,,,74300.0,,0.466,0,85,132.446,
0.00085,,,70250.0,,0.468,0,68,120.41884616,
0.00047,,,70950.0,,0.465,0,102,147.882,
0.00071,,,67950.0,,0.458,0,68,91.68,
0.00047,,,71600.0,,0.472,0,102,149.02100000000002,
0.00035,,,69750.0,,0.455,0,102,149.905,
0.00091,,,71100.0,,0.456,0,51,104.20084616000001,
0.00023,,,71250.0,,0.456,0,90,150.65,
0.00108,,,71100.0,,0.455,0,34,102.25384616000001,
0.00041,,,71400.0,,0.458,0,85,145.51,
0.00093,,,69600.0,,0.448,0,44,106.53200000000001,
0.00096,,,70400.0,,0.48,0,34,97.78200000000001,
0.00075,,,63450.0,,0.477,0,44,106.87199999999999,
0.00087,,,70500.0,,0.462,0,44,81.888,
0.0009,,,70900.0,,0.479,0,44,106.708,
0.00099,,,70650.0,,0.475,0,36,98.858,
0.00106,,,70600.0,,0.471,0,27,90.048,
0.00067,,,70800.0,,0.477,0,58,119.97800000000001,
0.00071,,,64150.0,,0.473,0,60,122.244,
0.00112,,,71250.0,,0.472,0,34,98.12800000000001,
0.00099,,,72000.0,,0.465,0,54,117.62,
0.0007,,,71600.0,,0.473,0,56,116.47999999999999,
0.00078,,,65500.0,,0.476,0,56,117.33000000000001,
0.00058,,,67650.0,,0.461,0,68,130.38,
0.001,,,72500.0,,0.459,0,54,117.28,
0.00073,,,65000.0,,0.468,0,68,129.53,
0.00072,,,71300.0,,0.475,0,56,117.16,
0.00078,,,67300.0,,0.457,0,68,130.55,
0.00104,,,70950.0,,0.474,0,54,119.75384616000001,
0.00082,,,71100.0,,0.472,0,54,115.24000000000001,
0.00067,,,72550.0,,0.459,0,68,129.02,
0.00071,,,71100.0,,0.464,0,68,128.68,
0.00088,,,68550.0,,0.47,0,54,115.57999999999998,
0.00072,,,72100.0,,0.461,0,68,129.53,
0.00033,,,70950.0,,0.485,0,85,146.8178,
0.00048,,,70000.0,,0.47,0,85,132.021,
0.00068,,,67700.0,,0.46,0,85,132.64999999999998,
0.00078,,,73100.0,,0.456,0,68,120.512,
0.00071,,,75600.0,,0.449,0,51,113.15899999999999,
0.00077,,,69700.0,,0.458,0,51,114.281,
0.00068,,,69200.0,,0.451,0,68,128.289,
0.00083,,,73350.0,,0.459,0,51,113.72,
0.00085,,,73250.0,,0.45,0,51,114.19200000000001,
0.00064,,,63300.0,,0.447,0,51,113.482,
0.00067,,,71600.0,,0.465,0,68,129.844,
0.00063,,,71000.0,,0.459,0,68,130.529,
0.00061,,,71500.0,,0.467,70,68,129.24099999999999,
0.001,,,69650.0,,0.463,0,51,113.189,
0.00088,,,71000.0,,0.471,0,51,113.00800000000001,
0.00096,,,69300.0,,0.466,0,51,112.9,
0.00075,,,71200.0,,0.461,0,68,128.909,
0.00058,,,72050.0,,0.475,0,68,130.567,
0.00028,,,71400.0,,0.465,0,85,147.92399999999998,
0.00066,,,73500.0,,0.456,0,68,91.63000000000001,
0.00026,,,73750.0,,0.464,0,85,107.95,
0.00067,,,73600.0,,0.48,0,68,91.63000000000001,
0.00068,,,70700.0,,0.462,0,68,91.63000000000001,
0.00029,,,72450.0,,0.473,0,90,112.75,
0.00076,,,72250.0,,0.461,0,68,131.23000000000002,
0.00065,,,75400.0,,0.461,0,75,137.1,
0.00026,,,75400.0,,0.464,0,90,152.51999999999998,
0.00041,,,73650.0,,0.472,0,85,147.72,
0.00023,,,73500.0,,0.475,0,95,144.12,
0.00059,,,73650.0,,0.457,0,60,122.037,
0.00034,,,69750.0,,0.482,0,90,152.4605,
0.0003,,,71050.0,,0.484,0,95,159.564,
0.00035,,,74950.0,,0.488,0,95,158.884,
0.0008,,,70550.0,,0.481,0,68,131.6635,
0.00082,,,74300.0,,0.459,0,68,130.21,
0.00071,,,72800.0,,0.463,0,68,130.21,
0.00068,,,72100.0,,0.465,0,68,131.23,
0.0008,,,73050.0,,0.446,0,51,118.23384616,
0.00109,,,74800.0,,0.451,0,34,101.23384616,
0.00073,,,72800.0,,0.457,0,68,130.38,
0.00087,,,74750.0,,0.458,0,60,122.19,
0.00034,,,70400.0,,0.457,0,85,146.3078,
0.0008,,,69000.0,,0.451,0,68,129.1347,
0.00079,,,69600.0,,0.461,0,80,140.6578,
0.00059,,,68900.0,,0.447,0,85,105.91,
0.00085,,,69500.0,,0.442,0,102,123.76,
0.00029,,,73800.0,,0.43,0,119,139.06,
0.00081,,,71200.0,,0.433,0,102,123.93,
0.00065,,,71900.0,,0.43,0,92,113.327,
0.00064,,,73500.0,,0.428,0,96,116.997,
0.00055,,,73600.0,,0.458,0,85,132.82,
0.00054,,,63300.0,,0.466,0,92,140.56,
0.00063,,,76100.0,,0.46,0,85,133.32999999999998,
0.00079,,,74200.0,,0.437,0,85,106.267,
0.00028,,,72100.0,,0.429,0,110,127.207,
0.00032,,,71200.0,,0.435,0,110,154.287,
0.00024,,,73650.0,,0.44,0,110,127.547,
0.00067,,,73200.0,,0.452,0,95,112.3735,
0.00052,,,70050.0,,0.457,0,102,119.357,
0.00026,,,73350.0,,0.458,0,102,149.99,
0.0,,,75300.0,,0.463,0,102,149.82,
0.00037,,,70800.0,,0.458,0,102,149.82,
0.00038,,,73100.0,,0.451,0,102,149.48,
0.0007,,,76350.0,,0.467,0,85,131.851,
0.00095,,,72550.0,,0.452,0,51,104.37084616,
0.00083,,,73950.0,,0.461,0,68,121.38784616,
0.00039,,,73850.0,,0.459,0,102,149.089,
0.00084,,,73000.0,,0.465,0,68,121.01384616,
0.0006,,,73700.0,,0.465,0,85,132.446,
0.00067,,,71300.0,,0.465,0,85,132.888,
0.0008,,,70750.0,,0.464,0,68,121.54084616000002,
0.00064,,,76350.0,,0.47,0,85,132.718,
0.00066,,,75000.0,,0.457,0,85,132.31,
0.00051,,,73950.0,,0.431,0,119,140.658,
0.00075,,,73500.0,,0.47,0,68,116.77199999999999,
0.00085,,,70650.0,,0.462,0,68,120.84384616000001,
0.00043,,,72150.0,,0.474,0,78,138.79,
0.00056,,,70000.0,,0.468,0,72,133.03,
0.00055,,,72450.0,,0.458,0,72,133.37,
0.001,,,79700.0,,0.469,0,51,117.72384616000001,
0.00039,,,72050.0,,0.456,0,80,141.05,
0.00052,,,71500.0,,0.465,0,75,136.25,
0.00027,,,73050.0,,0.465,0,90,152.01,
0.00027,,,77100.0,,0.478,0,93,154.38,
0.00025,,,74050.0,,0.464,0,90,152.18,
0.0005,,,73350.0,,0.468,0,80,141.22,
0.00024,,,71300.0,,0.466,0,90,151.84,
0.00069,,,71500.0,,0.456,0,68,129.19,
0.0002,,,74650.0,,0.471,0,92,154.78,
0.00072,,,72800.0,,0.462,0,60,121.16999999999999,
0.00141,,,72050.0,,0.473,0,0,58.93384616,
0.00081,,,65200.0,,0.46,0,68,119.65384616000001,
0.00052,,,70050.0,,0.464,0,102,150.16,
0.00044,,,72500.0,,0.466,0,90,137.45,
0.00114,,,68800.0,,0.469,0,45,99.10384616,
0.00052,,,75400.0,,0.471,0,90,136.94,
0.00106,,,71200.0,,0.458,0,45,98.59384615999998,
0.0009,,,73050.0,,0.466,0,60,113.16384616,
0.00057,,,75750.0,,0.457,0,80,128.7,
0.00094,,,74000.0,,0.462,0,55,109.55384615999999,
0.00071,,,72900.0,,0.465,0,95,143.78,
0.00053,,,72450.0,,0.463,0,75,123.9,
0.00077,,,75700.0,,0.469,0,68,121.69384616,
0.00094,,,74850.0,,0.473,0,60,114.35384616,
0.00136,,,75150.0,,0.461,0,17,72.05384615999999,
0.00073,,,71300.0,,0.459,0,75,122.71000000000001,
0.00071,,,69900.0,,0.46,0,85,132.055,
0.00067,,,71300.0,,0.458,0,68,116.29599999999999,
0.00119,,,72400.0,,0.473,0,34,88.23784615999999,
0.00063,,,72850.0,,0.47,0,85,132.344,
0.00102,,,69850.0,,0.45,0,51,103.89484616,
0.00088,,,70200.0,,0.456,0,68,115.47999999999999,
0.00061,,,69450.0,,0.456,0,85,133.415,
0.0007,,,71950.0,,0.457,0,68,116.857,
0.00068,,,71600.0,,0.472,0,85,132.208,
0.00068,,,71900.0,,0.469,0,85,131.732,
0.00096,,,69650.0,,0.456,0,68,120.18084616,
0.00074,,,72350.0,,0.463,0,68,115.99000000000001,
0.00068,,,72150.0,,0.469,0,85,132.293,
0.00053,,,72050.0,,0.457,0,102,148.528,
0.00019,,,73250.0,,0.455,0,85,132.15699999999998,
0.00045,,,73100.0,,0.473,0,82,142.97,
0.00037,,,72400.0,,0.455,0,90,150.65,
0.00048,,,73600.0,,0.463,0,85,145.85,
0.00039,,,72800.0,,0.47,0,90,150.65,
0.00047,,,74450.0,,0.476,0,88,148.22,
0.00028,,,73750.0,,0.477,0,92,152.57,
0.00023,,,72300.0,,0.473,0,90,150.65,
0.00052,,,70050.0,,0.47,0,0,24.650000000000002,
0.00056,,,71800.0,,0.468,0,78,139.13,
0.00044,,,72700.0,,0.47,0,90,152.35,
0.00062,,,77000.0,,0.461,0,75,137.1,
0.00027,,,75050.0,,0.478,0,90,150.98999999999998,
0.00065,,,68050.0,,0.453,0,78,139.98,
0.0004,,,73200.0,,0.48,0,90,151.5,
0.00032,,,73500.0,,0.463,0,95,156.3,
0.0,,,73150.0,,0.474,0,68,130.72,
0.00071,,,73800.0,,0.488,0,85,146.7,
0.00022,,,70400.0,,0.466,0,85,147.54999999999998,
0.00083,,,72500.0,,0.463,0,68,131.06,
0.0008,,,72750.0,,0.475,0,68,131.57,
0.00068,,,78050.0,,0.469,0,68,129.7,
0.00047,,,70750.0,,0.466,0,68,130.04,
0.00066,,,71250.0,,0.469,0,68,130.72,
0.00071,,,74700.0,,0.467,0,54,116.69919999999999,
0.00045,,,72500.0,,0.476,0,85,146.45919999999998,
0.00064,,,73300.0,,0.463,0,68,130.4761,
0.00033,,,72000.0,,0.48,0,85,145.773,
0.00065,,,67200.0,,0.468,0,85,146.7961,
0.00027,,,69900.0,,0.459,0,85,146.7899,
0.00059,,,65700.0,,0.458,0,68,130.81300000000002,
0.0005,,,72100.0,,0.462,0,90,137.46699999999998,
0.00065,,,71750.0,,0.467,0,78,127.0435,
0.00069,,,74250.0,,0.472,0,78,127.0435,
0.00052,,,73700.0,,0.482,0,90,137.297,
0.00065,,,68350.0,,0.469,0,75,123.14350000000002,
0.00061,,,70950.0,,0.463,0,95,142.947,
0.0004,,,70350.0,,0.463,0,95,142.77700000000002,
0.00054,,,68700.0,,0.477,0,90,136.957,
0.00045,,,68350.0,,0.473,0,90,139.167,
0.00027,,,71900.0,,0.472,0,102,150.347,
0.0004,,,71850.0,,0.459,0,102,150.347,
0.00048,,,72300.0,,0.468,0,90,137.637,
0.00045,,,69100.0,,0.471,0,90,138.65699999999998,
0.00042,,,70300.0,,0.467,0,102,150.9505,
0.00073,,,75800.0,,0.474,0,60,109.93350000000001,
0.00027,,,67450.0,,0.472,0,102,149.1655,
0.00081,,,69350.0,,0.475,0,68,116.68700000000001,
0.00038,,,69500.0,,0.457,0,85,131.528,
0.00067,,,69700.0,,0.46,0,85,132.429,
0.00064,,,65500.0,,0.464,0,85,131.783,
0.00062,,,66350.0,,0.465,0,85,133.874,
0.00031,,,67900.0,,0.459,0,85,132.61599999999999,
0.00022,,,72100.0,,0.471,0,102,145.655,
0.00046,,,75800.0,,0.481,0,102,148.103,
0.00067,,,66100.0,,0.459,0,85,132.599,
0.00074,,,72400.0,,,0,68,117.18,
0.00097,,,72850.0,,0.477,0,51,105.50984616000001,
0.00077,,,75900.0,,0.466,0,68,116.34700000000001,
0.00084,,,73050.0,,0.457,0,51,104.45584616000001,
0.00046,,,72050.0,,0.469,0,85,146.87,
0.00085,,,71900.0,,0.493,0,39,100.84,
0.00082,,,69000.0,,0.471,0,62,124.10999999999999,
0.00041,,,70000.0,,0.469,0,85,146.35999999999999,
0.00073,,,67250.0,,0.452,0,88,149.92,
0.00057,,,75100.0,,0.473,0,85,146.01999999999998,
0.00074,,,71200.0,,0.47,0,62,122.24000000000001,
0.00106,,,68050.0,,0.46,0,34,96.03999999999999,
0.00072,,,71700.0,,0.471,0,54,114.68090000000001,
0.00075,,,70650.0,,0.464,0,54,115.02089999999998,
0.00036,,,69850.0,,0.461,0,68,129.8178,
0.00079,,,76900.0,,0.452,0,54,115.0178,
0.00076,,,69000.0,,0.46,0,54,115.024,
0.00067,,,69050.0,,0.465,0,68,131.15300000000002,
0.00077,,,73850.0,,0.474,0,54,117.37299999999999,
0.00075,,,72350.0,,0.46,0,75,123.9,
0.0003,,,72900.0,,0.472,0,102,151.35,
0.00043,,,73800.0,,0.462,0,102,150.84,
0.00042,,,75350.0,,0.452,0,102,151.01000000000002,
0.00052,,,76550.0,,0.451,0,93,140.67000000000002,
0.00054,,,63900.0,,0.465,0,85,133.16,
0.00045,,,72150.0,,0.473,0,95,142.25,
0.00054,,,70350.0,,0.47,0,85,132.14000000000001,
0.00048,,,68950.0,,0.462,0,85,132.837,
0.00058,,,69600.0,,0.468,0,85,132.65,
0.00049,,,70250.0,,0.47,0,95,142.42000000000002,
0.00053,,,69800.0,,0.463,0,95,142.59,
0.00044,,,73400.0,,0.472,0,110,158.35,
0.0005,,,71550.0,,0.464,0,85,132.40349999999998,
0.0004,,,73200.0,,0.456,0,102,149.82000000000002,
0.00023,,,72550.0,,0.459,0,85,130.60999999999999,
0.00095,,,67700.0,,0.472,0,85,131.732,
0.00045,,,69900.0,,0.461,0,85,132.225,
0.00019,,,71500.0,,0.455,0,85,133.007,
0.00103,,,71600.0,,0.484,0,85,133.32999999999998,
0.00084,,,69300.0,,0.463,0,68,120.79284616,
0.00072,,,73350.0,,0.459,0,85,132.922,
0.00076,,,72400.0,,0.455,0,68,117.4648,
0.00032,,,78000.0,,0.462,0,109,155.14600000000002,
0.00068,,,71450.0,,0.48,0,85,133.177,
0.00055,,,71150.0,,0.467,0,85,132.956,
0.00037,,,80300.0,,0.466,0,85,106.25,
0.00045,,,71350.0,,0.456,0,85,106.25,
0.00046,,,70100.0,,0.456,0,85,106.25,
0.00047,,,71450.0,,0.47,0,85,106.25,
0.0005,,,74750.0,,0.472,0,80,101.45,
0.00034,,,69750.0,,0.474,0,85,105.74,
0.00035,,,68700.0,,0.467,0,85,106.25,
0.00042,,,70900.0,,0.47,0,85,105.74,
0.0005,,,71050.0,,0.473,0,77,138.34,
0.00054,,,72100.0,,0.467,0,76,137.54999999999998,
0.00047,,,72850.0,,0.461,0,80,141.56,
0.00056,,,73250.0,,0.476,0,90,151.84,
0.00059,,,72950.0,,0.462,0,76,112.56,
0.0003,,,75350.0,,0.464,0,90,151.67,
0.00023,,,71850.0,,0.46,0,90,150.98999999999998,
0.00067,,,71700.0,,0.484,0,60,120.66,
0.00039,,,66400.0,,0.485,0,85,148.06,
0.00025,,,74100.0,,0.462,0,85,148.4,
0.00074,,,73300.0,,0.457,0,68,130.04,
0.0007,,,71600.0,,0.471,0,68,129.19,
0.00046,,,70850.0,,0.478,0,85,148.06,
0.0005,,,76350.0,,0.481,0,85,147.38,
0.001,,,71900.0,,0.477,0,34,96.1609,
0.00071,,,71600.0,,0.459,0,54,116.0409,
0.00065,,,71900.0,,0.463,0,68,130.504,
0.00075,,,74600.0,,0.458,0,68,129.02,
0.00066,,,74700.0,,0.464,0,68,130.16400000000002,
0.00135,,,76250.0,,0.462,0,17,86.06094616,
0.00076,,,73850.0,,0.48,0,54,103.184,
0.00073,,,74300.0,,0.474,0,54,115.70089999999999,
0.00062,,,69900.0,,0.458,0,92,139.03,
0.00049,,,74650.0,,0.462,0,92,140.05,
0.00049,,,68850.0,,0.456,0,90,137.28,
0.00061,,,71800.0,,0.464,0,80,126.15,
0.00071,,,67950.0,,0.457,0,85,132.82,
0.00101,,,74200.0,,0.447,0,60,113.50384616000001,
0.00085,,,76300.0,,0.468,0,68,119.99384616000002,
0.00048,,,71500.0,,0.456,0,90,136.94,
0.00068,,,71200.0,,0.471,0,90,138.13,
0.00072,,,75550.0,,0.474,0,80,128.2835,
0.00096,,,73550.0,,0.458,0,60,113.50384616000001,
0.00044,,,72350.0,,0.469,0,110,157.347,
0.00092,,,77900.0,,0.472,0,60,113.50384615999998,
0.00069,,,73200.0,,0.458,0,95,148.12384616000003,
0.00088,,,76550.0,,0.47,0,60,114.01384616,
0.00051,,,75750.0,,0.476,0,95,143.1,
0.00052,,,68700.0,,0.474,0,85,106.25,
0.00123,,,74850.0,,0.462,0,25,52.31384616,
0.00111,,,68850.0,,0.472,0,34,61.29384616,
0.00107,,,69950.0,,0.464,0,40,67.56384616,
0.00048,,,74500.0,,0.465,0,80,100.6,
0.00066,,,71150.0,,0.466,0,80,100.94,
0.00067,,,72450.0,,0.459,0,68,129.02,
0.0008,,,74350.0,,0.458,0,55,119.86384616,
0.00072,,,69000.0,,0.469,0,66,127.1,
0.00081,,,71200.0,,0.464,0,68,134.04384616,
0.00041,,,74500.0,,0.475,0,92,154.26999999999998,
0.00067,,,73400.0,,0.475,0,68,129.36,
0.00088,,,71050.0,,0.472,0,70,132.13,
0.0008,,,72900.0,,0.489,0,80,141.73,
0.00078,,,72400.0,,0.451,0,85,146.53,
0.00088,,,72950.0,,0.47,0,82,145.01,
0.00072,,,74100.0,,0.463,0,68,130.55,
0.00072,,,73050.0,,0.469,0,68,130.72,
0.00073,,,73400.0,,0.472,0,68,131.1499,
0.00068,,,74550.0,,0.469,0,54,116.35300000000001,
0.00045,,,71200.0,,0.472,0,85,147.813,
0.00041,,,75500.0,,0.46,0,85,146.793,
0.00073,,,73950.0,,0.482,0,85,133.5935,
0.00064,,,73300.0,,0.46,0,95,143.27,
0.00066,,,74700.0,,0.46,0,85,133.84,
0.00066,,,75350.0,,0.456,0,75,124.07,
0.00058,,,72800.0,,0.456,0,85,133.84,
0.00068,,,64200.0,,0.467,0,95,143.1,
0.00059,,,73100.0,,0.451,0,85,134.01,
0.00066,,,75600.0,,0.464,0,85,133.84,
0.0003,,,73950.0,,0.479,0,110,158.01,
0.00052,,,71650.0,,0.465,0,95,143.27,
0.0006,,,72800.0,,0.461,0,75,123.9,
0.0005,,,74100.0,,0.451,0,95,143.27,
0.00058,,,74700.0,,0.469,0,85,133.7635,
0.00061,,,75400.0,,0.468,0,85,133.5935,
0.00073,,,71700.0,,0.469,0,75,123.99350000000001,
0.00025,,,70800.0,,0.461,0,119,167.177,
0.00053,,,74050.0,,0.46,0,85,132.65,
0.00026,,,73700.0,,0.475,0,85,132.021,
0.00086,,,73700.0,,0.464,0,68,116.77199999999999,
0.00075,,,71500.0,,0.447,0,68,115.73500000000001,
0.00067,,,74500.0,,0.458,0,68,114.97,
0.00066,,,71050.0,,0.459,0,85,132.055,
0.00083,,,73200.0,,0.467,0,68,121.08184616000001,
0.00095,,,71650.0,,0.45,0,51,104.48984616,
0.00073,,,72550.0,,0.469,0,85,132.03799999999998,
0.00061,,,71300.0,,0.45,0,85,130.627,
0.00093,,,68500.0,,0.474,0,51,104.94884616,
0.00075,,,74800.0,,0.469,0,68,115.39500000000001,
0.00094,,,69550.0,,0.466,0,51,102.04184615999999,
0.00094,,,67700.0,,0.466,0,51,102.97684616,
0.00101,,,68700.0,,0.444,0,51,103.55484616,
0.00072,,,71550.0,,0.461,0,85,132.123,
0.00013,,,73250.0,,0.471,0,95,154.94,
0.00037,,,71950.0,,0.479,0,90,151.5,
0.00021,,,70550.0,,0.475,0,95,156.3,
0.00075,,,72700.0,,0.466,0,66,127.61000000000001,
0.00028,,,70500.0,,0.465,0,90,150.14,
0.00047,,,70100.0,,0.475,0,82,142.12,
0.0006,,,69850.0,,0.466,0,75,136.25,
0.00023,,,72800.0,,0.451,0,90,151.84,
0.00046,,,70750.0,,0.476,0,85,146.53,
0.00067,,,72000.0,,0.476,0,60,120.49000000000001,
0.00031,,,68100.0,,0.466,0,90,151.67,
0.00063,,,72850.0,,0.479,0,70,131.96,
0.00035,,,72150.0,,0.464,0,90,151.16,
0.00019,,,71450.0,,0.465,0,92,152.91,
0.0006,,,69400.0,,0.475,0,66,126.75999999999999,
0.00043,,,68250.0,,0.469,0,85,145.34,
0.00079,,,69100.0,,0.46,0,68,130.21,
0.00044,,,71450.0,,0.478,0,85,147.54999999999998,
0.0,,,72100.0,,0.471,0,68,130.55,
0.00062,,,72100.0,,0.467,0,68,130.38,
0.00077,,,70500.0,,0.482,0,68,130.55,
0.00072,,,73100.0,,0.472,0,68,130.04,
0.00029,,,72500.0,,0.458,0,85,146.53,
0.00065,,,71950.0,,0.468,0,68,129.64780000000002,
0.0006,,,72850.0,,0.46,0,85,146.01999999999998,
0.00055,,,71400.0,,0.465,0,85,145.7668,
0.00068,,,71600.0,,0.462,0,68,129.6168,
0.00043,,,70150.0,,0.46,0,85,146.2799,
0.00067,,,73400.0,,0.465,0,68,129.1068,
0.00072,,,71700.0,,0.469,0,68,129.82399999999998,
0.00058,,,75150.0,,0.476,0,85,131.834,
0.00103,,,72350.0,,0.454,0,51,104.48984616,
0.00071,,,73900.0,,0.454,0,68,116.245,
0.00063,,,73450.0,,0.487,0,68,115.531,
0.00072,,,71500.0,,0.46,0,68,115.00399999999999,
0.0007,,,70500.0,,0.492,0,68,117.38400000000001,
0.00068,,,74350.0,,0.48,0,85,131.613,
0.00073,,,76100.0,,0.463,0,68,113.71,
0.00061,,,75050.0,,0.459,0,68,116.262,
0.00072,,,75700.0,,0.464,0,68,116.56800000000001,
0.00074,,,75800.0,,0.479,0,68,116.44900000000001,
0.00091,,,71750.0,,0.464,0,51,104.25184616,
0.00081,,,73550.0,,0.459,0,68,120.80984615999999,
0.00078,,,71600.0,,0.476,0,68,116.381,
0.00092,,,72700.0,,0.477,0,51,104.42184616000002,
0.00066,,,71450.0,,0.468,0,66,127.61000000000001,
0.00027,,,73100.0,,0.463,0,94,116.59,
0.00028,,,75800.0,,0.451,0,94,114.38,
0.00018,,,73350.0,,0.445,0,94,114.38,
0.00051,,,66000.0,,0.454,0,75,96.65,
0.0005,,,72600.0,,0.459,0,85,105.74,
0.00055,,,70700.0,,0.459,0,78,139.13,
0.00066,,,72300.0,,0.453,0,68,130.04,
0.00074,,,73500.0,,0.45,0,0,62.72,
0.00051,,,70950.0,,0.461,0,80,142.24,
0.00095,,,76250.0,,0.465,0,55,121.73384616,
0.0004,,,72800.0,,0.466,0,85,146.87,
0.00023,,,72450.0,,0.461,0,92,153.76,
0.00026,,,73550.0,,0.457,0,90,152.18,
0.00016,,,74950.0,,0.456,0,90,151.16,
0.00073,,,71450.0,,0.474,0,68,129.36,
0.00074,,,70350.0,,0.447,0,68,129.7,
0.00034,,,72700.0,,0.468,0,90,153.03,
0.00047,,,74500.0,,0.475,0,85,146.7,
0.00043,,,69750.0,,0.47,0,85,146.35999999999999,
0.00057,,,68650.0,,0.476,0,80,141.9,
0.00071,,,70050.0,,0.472,0,68,129.7,
0.0007,,,71000.0,,0.467,0,68,129.82399999999998,
0.00068,,,70600.0,,0.456,0,68,129.14090000000002,
0.00078,,,68550.0,,0.459,0,68,128.4609,
0.00086,,,70700.0,,0.466,0,90,151.84,
0.00052,,,73150.0,,0.453,0,85,145.4609,
0.00075,,,72500.0,,0.462,0,68,126.97999999999999,
0.00079,,,66350.0,,0.458,0,68,129.14090000000002,
0.00042,,,71150.0,,0.47,0,85,145.9647,
0.00071,,,67850.0,,0.474,0,75,121.95350000000002,
0.00066,,,70050.0,,0.463,0,75,118.89350000000002,
0.00053,,,59450.0,,0.467,0,93,140.347,
0.00051,,,70600.0,,0.457,0,102,147.627,
0.00073,,,67150.0,,0.454,0,75,123.65350000000001,
0.00052,,,75300.0,,0.453,0,93,140.347,
0.00043,,,77400.0,,0.455,0,90,138.487,
0.00061,,,74650.0,,0.45,0,73,119.18350000000001,
0.00057,,,69200.0,,0.455,0,85,133.177,
0.00063,,,73550.0,,0.465,0,85,133.2535,
0.00024,,,72250.0,,0.45,0,110,157.857,
0.0003,,,70950.0,,0.45,0,110,157.78050000000002,
0.00045,,,72150.0,,0.462,0,95,142.267,
0.00043,,,70800.0,,0.476,0,95,156.657,
0.00045,,,72350.0,,0.466,0,85,147.227,
0.00033,,,70950.0,,0.458,0,85,132.49699999999999,
0.00068,,,71200.0,,0.486,0,68,129.717,
0.00079,,,63600.0,,0.473,0,68,130.89,
0.00072,,,72950.0,,0.46,0,68,132.522,
9e-05,,,76850.0,,0.464,0,42,106.1,
0.00089,,,68600.0,,0.469,0,61,108.75999999999999,
0.00077,,,67950.0,,0.457,0,68,117.18,
0.00086,,,70000.0,,0.446,0,68,121.40484615999999,
0.00083,,,75050.0,,0.46,0,68,120.45284615999999,
0.00066,,,72150.0,,0.456,0,85,133.245,
0.0008,,,70100.0,,0.471,0,68,130.8135,
0.00066,,,72850.0,,0.479,0,68,130.125,
0.00062,,,71900.0,,0.481,0,85,133.279,
0.00092,,,71300.0,,0.46,0,51,114.15350000000001,
0.00072,,,70750.0,,0.467,0,68,116.483,
0.00026,,,70850.0,,0.48,0,95,156.674,
0.0005,,,71500.0,,0.476,0,85,107.3805,
0.00057,,,72450.0,,0.479,0,62,121.50049999999999,
0.0003,,,62800.0,,0.477,0,95,155.824,
0.00054,,,71750.0,,0.487,0,78,140.2605,
0.00061,,,71150.0,,0.486,0,75,137.287,
0.0004,,,70550.0,,0.493,0,90,151.7805,
0.00042,,,69700.0,,0.482,0,95,157.014,
0.00018,,,68900.0,,0.466,0,95,150.227,
6e-05,,,71950.0,,0.473,0,92,153.777,
0.00025,,,69600.0,,0.445,0,105,153.227,
0.0002,,,73300.0,,0.457,0,105,152.71699999999998,
0.00044,,,70000.0,,0.483,0,90,136.3535,
0.00041,,,67750.0,,0.455,0,98,145.317,
0.00071,,,71850.0,,0.466,0,75,122.2935,
0.00046,,,71000.0,,0.455,0,90,136.447,
0.00053,,,63400.0,,0.468,0,90,137.637,
0.0006,,,75850.0,,0.452,0,92,140.9935,
0.00037,,,77100.0,,0.453,0,95,142.607,
0.00051,,,72100.0,,0.469,0,92,140.4835,
0.00062,,,67300.0,,0.461,0,80,128.7935,
0.00023,,,74100.0,,0.456,0,102,151.367,
0.00065,,,71800.0,,0.467,0,75,125.3535,
0.00055,,,76700.0,,0.452,0,85,133.7635,
0.00046,,,76050.0,,0.47,0,95,143.627,
0.00049,,,73100.0,,0.469,0,95,143.457,
0.00065,,,70350.0,,0.485,0,85,132.4035,
0.00054,,,68900.0,,0.458,0,95,143.287,
0.00082,,,72250.0,,0.467,0,68,118.63384616,
0.00099,,,67600.0,,0.463,0,34,109.87884616000001,
0.00065,,,65500.0,,0.466,0,68,117.26500000000001,
0.00092,,,67950.0,,0.472,0,51,105.30584616,
0.00082,,,75150.0,,0.475,0,68,120.63984616,
0.00078,,,72500.0,,0.452,0,68,120.09584616,
0.00068,,,72250.0,,0.451,0,85,132.65,
0.00081,,,74250.0,,0.455,0,68,119.95984616,
0.00099,,,70350.0,,0.457,0,51,103.92884615999999,
0.00066,,,71200.0,,0.449,0,68,115.786,
0.00099,,,70950.0,,0.467,0,51,104.08184616000001,
0.00072,,,70550.0,,0.457,0,68,117.16300000000001,
0.0008,,,72200.0,,0.461,0,68,121.52384615999999,
0.00088,,,72850.0,,0.452,0,68,121.38784616,
0.0009,,,75900.0,,0.461,0,51,103.33384616,
0.00021,,,63000.0,,0.467,0,90,111.89999999999999,
0.0001,,,68950.0,,0.477,0,94,114.03999999999999,
0.00061,,,62250.0,,0.467,0,85,107.1,
0.00051,,,72700.0,,0.459,0,102,123.42,
0.00069,,,76400.0,,0.46,0,68,90.78,
0.0002,,,71100.0,,0.494,0,94,115.86399999999999,
0.00057,,,68150.0,,0.461,0,85,107.1,
0.00015,,,75300.0,,0.461,0,95,143.1,
0.00035,,,67400.0,,0.475,0,95,142.437,
0.00016,,,77650.0,,0.457,0,95,158.034,
0.00023,,,71200.0,,0.476,0,95,158.544,
0.00044,,,73300.0,,0.486,0,90,153.4805,
0.00035,,,73650.0,,0.476,0,92,157.1005,
0.00021,,,78350.0,,0.48,0,95,158.204,
0.00015,,,71150.0,,0.486,0,95,158.204,
0.00052,,,70600.0,,0.46,0,85,147.72,
0.00052,,,71600.0,,0.481,0,68,129.53,
0.00062,,,63050.0,,0.474,0,85,146.7,
0.00083,,,67950.0,,0.473,0,68,133.627,
0.001,,,74650.0,,0.471,0,85,148.06,
0.00051,,,67700.0,,0.464,0,90,153.03,
0.00013,,,71800.0,,0.463,0,90,153.70999999999998,
0.00056,,,73700.0,,0.468,0,85,147.04,
0.00085,,,70100.0,,0.458,0,51,113.4735,
0.00067,,,69000.0,,0.462,0,68,130.64350000000002,
0.00071,,,70300.0,,0.451,0,68,129.6235,
0.00027,,,66900.0,,0.455,0,85,147.844,
0.00018,,,70500.0,,0.47,0,82,143.9378,
0.00021,,,69250.0,,0.468,0,85,133.6178,
0.00045,,,70700.0,,0.472,0,85,145.697,
0.00061,,,69900.0,,0.461,0,68,128.26350000000002,
0.00055,,,67800.0,,0.465,0,80,141.4835,
0.00066,,,72350.0,,0.455,0,75,136.0035,
0.00038,,,70600.0,,0.456,0,75,137.117,
0.00022,,,69000.0,,0.492,0,92,154.8905,
0.0006,,,68200.0,,0.478,0,75,137.287,
0.00078,,,71050.0,,0.479,0,60,122.96349999999998,
0.00065,,,71250.0,,0.478,0,75,138.137,
0.00072,,,73250.0,,0.46,0,60,123.737,
0.00065,,,71100.0,,0.478,0,68,131.3235,
0.00067,,,67200.0,,0.456,0,75,137.5335,
0.00058,,,74100.0,,0.475,0,75,135.83350000000002,
0.00037,,,71850.0,,0.463,0,68,128.017,
0.00031,,,84950.0,,0.459,0,90,151.68699999999998,
0.00072,,,64500.0,,0.468,0,68,117.52000000000001,
0.00088,,,72850.0,,0.466,0,51,104.33684616000001,
0.00072,,,72200.0,,0.448,0,68,115.97300000000001,
0.00059,,,,,0.466,0,85,132.633,
0.00128,,,72250.0,,0.46,0,34,87.62584616,
0.00055,,,73550.0,,0.464,0,85,131.647,
0.00074,,,72500.0,,0.455,0,68,114.42600000000002,
0.00065,,,69450.0,,0.478,0,85,131.46,
0.00066,,,71300.0,,0.45,0,68,116.126,
0.00079,,,71800.0,,0.451,0,68,120.18084616,
0.00092,,,69200.0,,0.454,0,51,103.99684616,
0.00046,,,71800.0,,0.477,0,68,113.01500000000001,
0.00069,,,66600.0,,0.463,0,68,115.888,
0.00075,,,72150.0,,0.464,0,68,116.16,
0.00039,,,72400.0,,0.477,0,90,137.62,
0.0012,,,73200.0,,0.474,0,51,75.564,
0.0007,,,75550.0,,0.462,0,85,133.32999999999998,
0.00068,,,79850.0,,0.458,0,68,115.99000000000001,
0.00083,,,73550.0,,0.457,0,63,111.35999999999999,
0.0006,,,74300.0,,0.456,0,85,132.82,
0.00057,,,71700.0,,0.471,0,85,133.84,
0.00065,,,75300.0,,0.483,0,85,132.5668,
0.00066,,,71500.0,,0.453,0,85,132.2578,
0.00049,,,69450.0,,0.478,0,90,137.7378,
0.00068,,,69300.0,,0.471,0,68,115.2268,
0.00056,,,72000.0,,0.47,0,85,133.6834,
0.0011,,,71950.0,,0.469,0,51,103.59374616000001,
0.00142,,,72750.0,,0.463,0,34,83.86,
0.00057,,,70700.0,,0.463,0,85,130.797,
0.00086,,,65100.0,,0.46,0,68,115.5735,
0.00059,,,69050.0,,0.464,0,92,137.4235,
0.00053,,,65050.0,,0.46,0,95,141.077,
0.00066,,,66050.0,,0.46,0,90,136.8635,
0.00067,,,72800.0,,0.459,0,85,132.0635,
0.00021,,,73100.0,,0.47,0,110,157.517,
0.00065,,,68500.0,,0.463,0,90,138.7335,
0.00037,,,74100.0,,0.461,0,110,157.347,
0.00062,,,71400.0,,0.464,0,75,122.387,
0.00046,,,70250.0,,0.47,0,95,143.457,
0.00066,,,75500.0,,0.452,0,75,123.14350000000002,
0.0005,,,71350.0,,0.454,0,95,143.117,
0.0005,,,65400.0,,0.466,0,95,142.77700000000002,
0.00024,,,70000.0,,0.454,0,119,167.517,
0.00073,,,76500.0,,0.474,0,68,114.81700000000001,
0.00058,,,70400.0,,0.471,0,85,131.851,
0.00081,,,70300.0,,0.47,0,85,131.222,
0.00049,,,73050.0,,0.461,0,85,132.803,
0.00079,,,72450.0,,0.452,0,68,118.047,
0.00083,,,78250.0,,0.477,0,68,120.77584616,
0.00083,,,67350.0,,0.46,0,68,121.64284615999999,
0.00053,,,73450.0,,0.458,0,68,115.446,
0.00064,,,69650.0,,0.451,0,85,132.191,
0.00069,,,70650.0,,0.462,0,68,115.82,
0.00071,,,75500.0,,0.452,0,68,116.17699999999999,
0.00065,,,70100.0,,0.461,0,68,115.99000000000001,
0.00079,,,67550.0,,0.461,0,68,115.99000000000001,
0.00046,,,72000.0,,0.468,0,85,131.137,
0.00072,,,70500.0,,0.467,0,68,115.463,
9e-05,,,73600.0,,0.478,0,95,156.674,
0.00015,,,76100.0,,0.462,0,95,156.674,
0.00036,,,71000.0,,0.456,0,93,113.08,
0.00053,,,73600.0,,0.476,0,93,115.29,
0.00071,,,78350.0,,0.467,0,75,102.01384616,
0.00079,,,72750.0,,,0,38,48.750499999999995,
0.00064,,,74600.0,,,142,48,60.011500000000005,
0.00027,,,76050.0,,,0,70,80.748,
0.0006,,,72850.0,,0.0,152,60,72.24549999999999,
0.00046,,,79350.0,,,140,60,71.098,
0.00042,,,72350.0,,,146,68,78.574,
0.00042,,,70400.0,,,0,68,78.998,
0.00046,,,67950.0,,0.0,0,56,67.132,
0.00103,,,69900.0,,,133,5,18.247,
0.00071,,,75100.0,,0.461,0,68,117.52000000000001,
0.00071,,,71300.0,,0.469,0,72,120.85,
0.00082,,,68900.0,,0.468,0,56,103.78999999999999,
0.0009,,,69100.0,,0.464,0,85,134.35,
0.00059,,,72850.0,,0.457,0,68,115.82,
0.00069,,,72550.0,,,0,34,45.91850000000001,
0.00035,,,72900.0,,,110,80,89.58399999999999,
0.00106,,,71300.0,,0.469,0,41,104.46000000000001,
0.00068,,,75450.0,,0.483,0,68,129.7,
0.00057,,,72600.0,,0.457,0,102,151.52,
0.00074,,,74000.0,,0.495,0,102,125.087,
0.00101,,,71800.0,,0.453,0,60,109.083,
0.00104,,,67700.0,,0.468,0,51,100.273,
0.00067,,,70200.0,,0.461,0,80,128.2835,
0.00072,,,73650.0,,0.462,0,75,122.80350000000001,
0.00068,,,70800.0,,0.455,0,80,128.2835,
0.00051,,,64000.0,,0.473,0,92,139.387,
0.00064,,,68000.0,,0.466,0,90,139.0735,
0.00059,,,76700.0,,0.459,0,90,139.677,
0.00041,,,73050.0,,0.463,0,110,157.347,
0.00079,,,72150.0,,0.456,0,68,119.48384616,
0.00113,,,68400.0,,0.475,0,90,138.5635,
0.00057,,,73250.0,,0.489,0,90,138.3935,
0.00104,,,70950.0,,0.451,0,60,115.71384615999999,
0.0005,,,81250.0,,0.469,0,60,109.34699999999998,
0.0009,,,78200.0,,0.458,0,60,113.50384616000001,
0.00074,,,72450.0,,0.468,0,75,125.3535,
0.00048,,,79050.0,,0.485,0,102,163.377,
0.00104,,,71800.0,,0.487,0,68,90.98150000000001,
0.00044,,,69850.0,,0.495,0,119,140.1105,
0.00089,,,73650.0,,0.487,0,85,107.2835,
0.00076,,,70400.0,,0.492,0,92,114.0035,
0.00079,,,70100.0,,0.491,0,92,114.097,
0.00088,,,71250.0,,0.487,0,85,107.2835,
0.00092,,,71450.0,,0.483,0,85,107.2835,
0.00038,,,73700.0,,0.476,0,85,138.91,
0.00061,,,74750.0,,0.473,0,78,125.17349999999999,
0.00047,,,71750.0,,0.48,0,80,141.917,
0.00062,,,71900.0,,0.49,0,102,123.697,
0.0005,,,66750.0,,0.486,0,112,134.317,
0.00068,,,67900.0,,0.477,0,100,122.967,
0.00084,,,71150.0,,0.488,0,90,112.2535,
0.00093,,,67750.0,,0.499,0,90,113.2735,
0.00072,,,68450.0,,0.479,0,85,107.377,
0.00084,,,66450.0,,0.469,150,85,108.64699999999999,
0.00073,,,71350.0,,0.482,0,0,26.117000000000004,
0.00076,,,65500.0,,0.476,156,102,124.62700000000001,
0.00067,,,69800.0,,0.469,163,108,130.897,
0.00062,,,71800.0,,0.484,160,108,131.067,
0.00091,,,70400.0,,0.489,0,85,107.225,
0.0007,,,65850.0,,0.467,0,102,125.066,
0.00166,,,70000.0,,0.471,0,119,141.627,
0.00073,,,70950.0,,0.493,0,120,142.3405,
0.0007,,,70750.0,,0.454,0,68,115.9161,
0.00065,,,69800.0,,0.463,0,68,116.93299999999999,
0.00069,,,71400.0,,0.452,0,72,120.60920000000002,
0.00073,,,76250.0,,0.457,0,72,121.1192,
0.0007,,,74900.0,,0.471,0,72,133.97920000000002,
0.00094,,,81500.0,,0.46,0,75,128.75384616000002,
0.00082,,,64000.0,,0.47,0,75,127.22384616000001,
0.00041,,,71750.0,,0.454,0,102,150.347,
0.00049,,,75450.0,,0.466,0,95,143.287,
0.00068,,,65100.0,,0.467,0,75,124.33349999999999,
0.00031,,,76700.0,,0.466,0,110,158.537,
0.00065,,,63900.0,,0.464,0,85,134.2735,
0.00028,,,65700.0,,0.451,0,102,150.17700000000002,
0.00079,,,73950.0,,0.458,0,75,123.3135,
0.00066,,,72650.0,,0.462,0,85,133.93349999999998,
0.00043,,,74750.0,,0.462,0,95,144.137,
0.00038,,,74950.0,,0.472,0,95,144.817,
0.00035,,,73000.0,,0.477,0,108,154.917,
0.0007,,,69700.0,,0.463,0,73,120.5435,
0.00054,,,69500.0,,0.462,0,95,142.947,
0.00074,,,73200.0,,0.465,0,75,122.2935,
0.00066,,,69850.0,,0.449,0,68,116.636,
0.00068,,,74400.0,,0.467,0,68,117.04400000000001,
0.00076,,,75950.0,,0.458,0,68,116.619,
0.00072,,,74050.0,,0.457,0,68,116.126,
0.00078,,,73900.0,,0.454,0,68,120.14684616000001,
0.00084,,,71700.0,,0.47,0,68,121.21784616000001,
0.00072,,,74100.0,,0.46,0,68,116.17699999999999,
0.00072,,,71600.0,,0.454,0,68,116.007,
0.00089,,,71300.0,,0.464,0,51,105.69684615999999,
0.0006,,,74600.0,,0.467,0,68,115.939,
0.00067,,,72250.0,,0.454,0,85,131.851,
0.00093,,,70900.0,,0.454,0,51,105.40784616,
0.00099,,,70200.0,,0.475,0,51,103.67384616,
0.00041,,,69250.0,,0.469,0,85,131.698,
0.00087,,,70200.0,,0.461,0,51,103.43584616,
0.0003,,,70100.0,,0.464,0,94,142.48,
0.00051,,,72100.0,,0.475,0,85,132.65,
0.00061,,,70900.0,,0.468,0,85,134.52,
0.00054,,,75300.0,,0.462,0,85,132.65,
0.00052,,,71900.0,,0.462,0,92,139.54,
0.00065,,,71400.0,,0.469,0,76,123.84,
0.00056,,,72850.0,,0.445,0,85,132.82,
0.00044,,,72050.0,,0.452,0,93,115.86699999999999,
0.00052,,,72000.0,,0.476,0,78,126.11699999999999,
0.00063,,,64750.0,,0.473,0,85,134.4435,
0.00041,,,75400.0,,0.478,0,93,140.687,
0.00028,,,70650.0,,0.488,0,90,152.197,
0.00048,,,71650.0,,0.469,0,93,141.027,
0.00051,,,68750.0,,0.466,0,90,138.147,
0.00047,,,72750.0,,0.465,0,90,138.31699999999998,
0.00037,,,71500.0,,0.468,0,85,133.32999999999998,
0.00077,,,69300.0,,0.455,0,72,120.34,
0.00068,,,73150.0,,0.46,0,72,120.68,
0.00042,,,73400.0,,0.454,0,102,150.5,
0.0005,,,76850.0,,0.475,0,85,133.5,
0.00086,,,75250.0,,0.457,0,68,116.16,
0.00076,,,73450.0,,0.478,0,0,51.22,
0.00065,,,73000.0,,0.47,0,56,103.28,
0.0008,,,67300.0,,0.461,0,88,135.53,
0.00052,,,72550.0,,0.47,0,102,151.18,
0.00039,,,72400.0,,0.453,0,85,132.31,
0.00069,,,69950.0,,0.451,0,68,114.30700000000002,
0.00071,,,67500.0,,0.466,0,68,115.85400000000001,
0.00069,,,71600.0,,0.476,0,68,115.85400000000001,
0.0007,,,70300.0,,0.466,0,68,115.701,
0.00065,,,71050.0,,0.46,0,85,131.953,
0.00056,,,69700.0,,0.476,0,68,119.97684616,
0.00078,,,71900.0,,0.457,0,68,118.46384616000002,
0.00051,,,64550.0,,0.463,0,85,155.889,
0.00067,,,71800.0,,0.455,0,68,115.61600000000001,
0.00065,,,72600.0,,0.474,0,68,115.412,
0.00074,,,67650.0,,0.46,0,68,115.786,
0.0007,,,69950.0,,0.461,0,68,116.17699999999999,
0.00094,,,70500.0,,0.466,0,51,104.14984616,
0.00092,,,64300.0,,0.472,0,51,105.39084616000001,
0.00081,,,71800.0,,0.471,0,68,120.41884616,
0.00051,,,71500.0,,0.457,0,102,145.451,
0.00044,,,60400.0,,0.452,0,85,133.5,
0.00051,,,73900.0,,0.46,0,85,132.99,
0.00034,,,74350.0,,0.451,0,96,144.06,
0.00022,,,71700.0,,0.466,0,93,141.18,
0.00027,,,71800.0,,0.465,0,93,121.4022,
0.00024,,,71250.0,,0.461,0,102,150.16,
0.00067,,,72700.0,,0.455,0,68,115.65,
0.00058,,,71800.0,,0.463,0,78,125.68350000000001,
0.00032,,,71200.0,,0.472,0,102,150.517,
0.00055,,,73100.0,,0.466,0,88,110.9735,
0.00046,,,72750.0,,0.457,0,92,139.727,
0.00065,,,68550.0,,0.473,0,70,132.827,
0.00028,,,71800.0,,0.482,0,90,152.89399999999998,
0.00057,,,68950.0,,0.485,0,70,132.9205,
0.0009,,,71400.0,,0.483,0,44,105.06549999999999,
0.00068,,,65400.0,,0.47,0,68,129.547,
0.00068,,,70200.0,,0.475,0,68,129.547,
0.00074,,,66050.0,,0.477,0,68,131.57,
0.00068,,,72700.0,,0.487,0,68,143.767,
0.00085,,,71150.0,,0.474,0,68,104.88,
0.00085,,,71300.0,,0.46,0,51,112.36000000000001,
0.00035,,,64350.0,,0.468,0,85,148.57,
0.00056,,,73900.0,,0.461,0,85,148.587,
0.0009,,,71200.0,,0.469,0,68,129.2127,
0.00051,,,67950.0,,0.477,0,68,130.691,
0.00039,,,,,0.467,0,85,148.371,
0.00048,,,74300.0,,0.47,0,85,146.654,
0.00034,,,69850.0,,0.47,0,80,142.024,
0.00056,,,70750.0,,0.475,0,92,139.557,
0.00048,,,71300.0,,0.469,0,102,149.327,
0.00045,,,73250.0,,0.476,0,102,149.667,
0.00045,,,72700.0,,0.467,0,102,149.837,
0.00049,,,73400.0,,0.461,0,92,140.577,
0.00043,,,75600.0,,0.454,0,90,137.3735,
0.00065,,,71900.0,,0.462,0,85,133.5935,
0.00065,,,77400.0,,0.469,0,75,121.95350000000002,
0.00094,,,72900.0,,0.458,0,72,126.04384616,
0.0006,,,78250.0,,0.467,0,87,134.3235,
0.00065,,,73500.0,,0.471,0,80,127.43350000000001,
0.00038,,,72200.0,,0.454,0,97,144.867,
0.00094,,,73500.0,,0.461,0,60,108.40350000000001,
0.00082,,,73100.0,,0.463,0,60,111.80384615999999,
0.00052,,,68100.0,,0.46,0,85,133.5935,
0.00076,,,75800.0,,0.461,0,68,142.612,
0.00058,,,78100.0,,0.461,0,85,131.222,
0.00069,,,69800.0,,0.467,0,68,115.922,
0.00064,,,72100.0,,0.462,0,85,132.803,
0.00069,,,74650.0,,0.469,0,68,116.279,
0.00068,,,70650.0,,0.472,0,68,116.245,
0.00051,,,71350.0,,0.479,0,85,157.521,
0.00067,,,75800.0,,0.452,0,68,116.602,
0.00069,,,72950.0,,0.46,0,68,114.868,
0.00088,,,68550.0,,0.453,0,51,104.28584615999999,
0.00064,,,72250.0,,0.468,0,68,115.905,
0.00034,,,71500.0,,0.452,0,85,132.225,
0.00061,,,71400.0,,0.463,0,102,150.024,
0.00066,,,71550.0,,0.471,0,85,131.426,
